LOC_BLANK,BRANCH_COUNT,LOC_CODE_AND_COMMENT,LOC_COMMENTS,CYCLOMATIC_COMPLEXITY,DESIGN_COMPLEXITY,ESSENTIAL_COMPLEXITY,LOC_EXECUTABLE,HALSTEAD_CONTENT,HALSTEAD_DIFFICULTY,HALSTEAD_EFFORT,HALSTEAD_ERROR_EST,HALSTEAD_LENGTH,HALSTEAD_LEVEL,HALSTEAD_PROG_TIME,HALSTEAD_VOLUME,NUM_OPERANDS,NUM_OPERATORS,NUM_UNIQUE_OPERANDS,NUM_UNIQUE_OPERATORS,LOC_TOTAL,label
16.0,27.0,2.0,12.0,14.0,13.0,8.0,62.0,114.83,11.5,15185.86,0.44,212.0,0.09,843.66,1320.51,92.0,120.0,60.0,15.0,94.0,b'Y'
14.0,12.0,0.0,0.0,11.0,1.0,1.0,62.0,27.23,24.09,15801.66,0.22,125.0,0.04,877.87,655.99,39.0,86.0,17.0,21.0,79.0,b'N'
6.0,9.0,0.0,2.0,5.0,3.0,1.0,27.0,25.95,22.91,13621.99,0.2,115.0,0.04,756.78,594.54,41.0,74.0,17.0,19.0,38.0,b'N'
6.0,19.0,0.0,0.0,10.0,3.0,7.0,26.0,27.63,21.18,12391.41,0.2,116.0,0.05,688.41,585.15,45.0,71.0,17.0,16.0,37.0,b'N'
3.0,23.0,0.0,0.0,12.0,1.0,1.0,24.0,13.23,33.0,14404.99,0.15,101.0,0.03,800.28,436.51,44.0,57.0,8.0,12.0,29.0,b'N'
8.0,11.0,0.0,4.0,6.0,5.0,4.0,38.0,46.35,16.0,11864.41,0.25,147.0,0.06,659.13,741.53,56.0,91.0,21.0,12.0,53.0,b'Y'
2.0,1.0,0.0,0.0,1.0,1.0,1.0,31.0,62.09,13.79,11804.52,0.29,155.0,0.07,655.81,856.15,70.0,85.0,33.0,13.0,35.0,b'N'
2.0,17.0,1.0,8.0,9.0,2.0,8.0,14.0,24.56,22.45,12380.3,0.18,101.0,0.04,687.79,551.4,41.0,60.0,21.0,23.0,25.0,b'N'
11.0,16.0,1.0,13.0,11.0,4.0,1.0,58.0,49.25,17.86,15709.76,0.29,145.0,0.06,872.76,879.58,64.0,81.0,43.0,24.0,83.0,b'N'
5.0,17.0,0.0,5.0,9.0,3.0,6.0,35.0,27.41,23.5,15139.0,0.21,118.0,0.04,841.06,644.21,47.0,71.0,22.0,22.0,47.0,b'Y'
4.0,17.0,0.0,0.0,9.0,1.0,8.0,32.0,19.2,25.97,12946.24,0.17,98.0,0.04,719.24,498.57,41.0,57.0,15.0,19.0,38.0,b'N'
8.0,9.0,0.0,5.0,5.0,5.0,3.0,35.0,38.9,18.75,13675.98,0.24,138.0,0.05,759.78,729.39,60.0,78.0,24.0,15.0,50.0,b'N'
11.0,15.0,6.0,4.0,8.0,7.0,1.0,31.0,32.29,22.26,16005.55,0.24,137.0,0.04,889.2,718.97,55.0,82.0,21.0,17.0,55.0,b'N'
14.0,13.0,0.0,0.0,12.0,2.0,1.0,70.0,42.98,18.38,14512.58,0.26,136.0,0.05,806.25,789.8,49.0,87.0,32.0,24.0,86.0,b'Y'
4.0,13.0,0.0,2.0,7.0,5.0,1.0,33.0,42.38,18.79,14958.55,0.27,139.0,0.05,831.03,796.18,62.0,77.0,33.0,20.0,41.0,b'Y'
9.0,9.0,2.0,2.0,5.0,4.0,1.0,27.0,47.18,16.72,13185.3,0.26,142.0,0.06,732.52,788.75,59.0,83.0,30.0,17.0,46.0,b'N'
5.0,13.0,0.0,0.0,7.0,6.0,1.0,38.0,23.58,24.67,14348.35,0.19,121.0,0.04,797.13,581.69,37.0,84.0,12.0,16.0,45.0,b'Y'
7.0,9.0,0.0,0.0,5.0,5.0,1.0,32.0,30.81,20.63,13113.3,0.21,126.0,0.05,728.52,635.59,56.0,70.0,19.0,14.0,41.0,b'Y'
8.0,15.0,0.0,13.0,8.0,7.0,1.0,27.0,24.59,23.16,13184.02,0.19,111.0,0.04,732.45,569.35,39.0,72.0,16.0,19.0,50.0,b'Y'
3.0,9.0,0.0,0.0,5.0,4.0,1.0,18.0,26.36,22.0,12759.36,0.19,114.0,0.05,708.85,579.97,44.0,70.0,17.0,17.0,23.0,b'N'
5.0,17.0,0.0,1.0,9.0,3.0,6.0,23.0,23.59,25.88,15796.57,0.2,120.0,0.04,877.59,610.5,46.0,74.0,16.0,18.0,31.0,b'N'
6.0,13.0,0.0,2.0,7.0,5.0,6.0,41.0,58.54,15.65,14331.67,0.31,164.0,0.06,796.2,915.93,76.0,88.0,34.0,14.0,53.0,b'N'
1.0,25.0,1.0,0.0,13.0,11.0,12.0,26.0,28.89,22.37,14455.38,0.22,125.0,0.04,803.08,646.24,50.0,75.0,19.0,17.0,30.0,b'N'
2.0,13.0,0.0,0.0,7.0,4.0,1.0,30.0,30.6,21.0,13493.48,0.21,117.0,0.05,749.64,642.55,48.0,69.0,24.0,21.0,35.0,b'N'
7.0,7.0,0.0,0.0,4.0,3.0,3.0,21.0,35.2,20.57,14895.77,0.24,137.0,0.05,827.54,724.1,48.0,89.0,21.0,18.0,30.0,b'Y'
7.0,9.0,0.0,0.0,5.0,3.0,1.0,36.0,61.66,16.2,16181.61,0.33,172.0,0.06,898.98,998.87,81.0,91.0,40.0,16.0,43.0,b'N'
1.0,11.0,0.0,6.0,6.0,4.0,1.0,47.0,44.86,18.33,15077.27,0.27,166.0,0.05,837.63,822.4,77.0,89.0,21.0,10.0,56.0,b'N'
7.0,13.0,0.0,0.0,7.0,7.0,1.0,45.0,34.7,19.08,12631.04,0.22,122.0,0.05,701.72,662.0,53.0,69.0,25.0,18.0,54.0,b'N'
1.0,13.0,0.0,3.0,7.0,5.0,7.0,14.0,10.07,40.07,16167.89,0.13,88.0,0.02,898.22,403.48,33.0,55.0,7.0,17.0,20.0,b'N'
4.0,11.0,0.0,2.0,6.0,5.0,1.0,48.0,49.96,17.0,14439.21,0.28,149.0,0.06,802.18,849.37,70.0,79.0,35.0,17.0,56.0,b'N'
11.0,9.0,0.0,13.0,5.0,2.0,4.0,28.0,39.83,20.15,16169.62,0.27,147.0,0.05,898.31,802.54,64.0,83.0,27.0,17.0,54.0,b'Y'
8.0,15.0,0.0,9.0,8.0,6.0,7.0,31.0,45.81,16.69,12752.83,0.25,140.0,0.06,708.49,764.32,53.0,87.0,27.0,17.0,50.0,b'N'
8.0,21.0,0.0,9.0,11.0,3.0,9.0,32.0,25.71,24.94,15988.94,0.21,125.0,0.04,888.27,641.16,42.0,83.0,16.0,19.0,51.0,b'N'
9.0,13.0,0.0,0.0,7.0,5.0,3.0,35.0,30.34,21.47,13988.36,0.22,127.0,0.05,777.13,651.42,51.0,76.0,19.0,16.0,46.0,b'N'
3.0,29.0,0.0,0.0,15.0,7.0,15.0,36.0,32.22,21.33,14662.91,0.23,134.0,0.05,814.61,687.32,64.0,70.0,21.0,14.0,43.0,b'N'
11.0,13.0,0.0,6.0,7.0,5.0,1.0,44.0,50.34,16.0,12886.65,0.27,145.0,0.06,715.92,805.42,62.0,83.0,31.0,16.0,63.0,b'N'
10.0,7.0,0.0,1.0,4.0,2.0,1.0,29.0,19.68,26.4,13716.72,0.17,103.0,0.04,762.04,519.57,44.0,59.0,15.0,18.0,42.0,b'N'
7.0,7.0,1.0,4.0,4.0,3.0,1.0,21.0,40.44,17.37,12202.02,0.23,132.0,0.06,677.89,702.49,47.0,85.0,23.0,17.0,35.0,b'N'
2.0,11.0,0.0,1.0,6.0,5.0,3.0,21.0,16.27,28.05,12803.96,0.15,96.0,0.04,711.33,456.47,33.0,63.0,10.0,17.0,26.0,b'N'
7.0,7.0,1.0,7.0,6.0,6.0,1.0,42.0,36.28,18.67,12641.61,0.23,130.0,0.05,702.31,677.23,49.0,81.0,21.0,16.0,60.0,b'N'
1.0,11.0,0.0,0.0,6.0,3.0,5.0,9.0,30.07,22.5,15224.23,0.23,133.0,0.04,845.79,676.63,40.0,93.0,16.0,18.0,12.0,b'N'
7.0,11.0,0.0,1.0,6.0,3.0,6.0,24.0,17.66,30.0,15889.84,0.18,105.0,0.03,882.77,529.66,39.0,66.0,13.0,20.0,34.0,b'Y'
7.0,11.0,1.0,13.0,6.0,5.0,5.0,33.0,33.82,20.58,14323.04,0.23,126.0,0.05,795.72,695.97,49.0,77.0,25.0,21.0,57.0,b'N'
4.0,11.0,2.0,0.0,6.0,4.0,1.0,29.0,22.09,23.75,12459.65,0.17,104.0,0.04,692.2,524.62,35.0,69.0,14.0,19.0,37.0,b'N'
9.0,13.0,0.0,11.0,7.0,7.0,6.0,32.0,37.28,20.89,16271.82,0.26,141.0,0.05,903.99,778.82,65.0,76.0,28.0,18.0,54.0,b'N'
4.0,19.0,0.0,0.0,10.0,3.0,6.0,19.0,20.3,24.89,12579.06,0.17,102.0,0.04,698.84,505.33,41.0,61.0,14.0,17.0,25.0,b'N'
4.0,7.0,0.0,0.0,4.0,3.0,1.0,24.0,30.87,21.91,14824.86,0.23,128.0,0.05,823.6,676.53,63.0,65.0,23.0,16.0,30.0,b'N'
6.0,13.0,0.0,5.0,7.0,5.0,5.0,25.0,33.02,20.83,14320.27,0.23,132.0,0.05,795.57,687.65,49.0,83.0,20.0,17.0,39.0,b'Y'
8.0,5.0,0.0,4.0,3.0,2.0,1.0,33.0,55.9,14.95,12492.89,0.28,154.0,0.07,694.05,835.64,69.0,85.0,30.0,13.0,53.0,b'Y'
5.0,11.0,0.0,0.0,6.0,5.0,4.0,24.0,23.82,22.63,12200.93,0.18,102.0,0.04,677.83,539.11,43.0,59.0,19.0,20.0,31.0,b'N'
1.0,23.0,0.0,0.0,12.0,11.0,11.0,25.0,32.4,20.57,13717.23,0.22,128.0,0.05,762.07,666.81,54.0,74.0,21.0,16.0,28.0,b'N'
10.0,9.0,1.0,3.0,5.0,5.0,1.0,45.0,65.89,15.6,16035.27,0.34,177.0,0.06,890.85,1027.9,78.0,99.0,40.0,16.0,61.0,b'N'
4.0,15.0,0.0,8.0,8.0,4.0,5.0,29.0,30.14,22.82,15688.14,0.23,133.0,0.04,871.56,687.6,51.0,82.0,19.0,17.0,43.0,b'N'
1.0,17.0,1.0,0.0,9.0,4.0,8.0,24.0,12.37,32.5,13063.03,0.13,93.0,0.03,725.72,401.94,35.0,58.0,7.0,13.0,30.0,b'N'
7.0,9.0,0.0,0.0,5.0,3.0,4.0,33.0,44.35,17.28,13248.25,0.26,138.0,0.06,736.01,766.53,61.0,77.0,30.0,17.0,42.0,b'N'
6.0,7.0,0.0,4.0,4.0,4.0,1.0,24.0,42.16,16.55,11541.82,0.23,136.0,0.06,641.21,697.58,56.0,80.0,22.0,13.0,38.0,b'N'
43.0,1.0,0.0,0.0,1.0,1.0,1.0,60.0,559.62,4.93,13602.7,0.92,425.0,0.2,755.71,2759.04,212.0,213.0,86.0,4.0,105.0,b'N'
8.0,19.0,0.0,6.0,10.0,9.0,8.0,46.0,40.53,18.24,13485.6,0.25,138.0,0.05,749.2,739.34,57.0,81.0,25.0,16.0,62.0,b'N'
3.0,13.0,0.0,2.0,8.0,1.0,1.0,28.0,11.58,37.29,16102.9,0.14,93.0,0.03,894.61,431.88,29.0,64.0,7.0,18.0,35.0,b'N'
9.0,11.0,1.0,1.0,6.0,5.0,1.0,37.0,46.53,17.33,13978.29,0.27,146.0,0.06,776.57,806.44,65.0,81.0,30.0,16.0,50.0,b'N'
3.0,17.0,0.0,2.0,9.0,4.0,9.0,17.0,17.57,26.25,12107.75,0.15,94.0,0.04,672.65,461.25,35.0,59.0,12.0,18.0,25.0,b'N'
11.0,5.0,0.0,7.0,3.0,3.0,1.0,35.0,108.64,10.29,11493.95,0.37,197.0,0.1,638.55,1117.47,96.0,101.0,42.0,9.0,55.0,b'N'
1.0,3.0,0.0,0.0,2.0,2.0,1.0,27.0,30.84,19.79,12079.19,0.2,119.0,0.05,671.07,610.38,47.0,72.0,19.0,16.0,30.0,b'Y'
14.0,7.0,0.0,0.0,4.0,3.0,4.0,32.0,44.69,18.07,14589.43,0.27,155.0,0.06,810.52,807.47,53.0,102.0,22.0,15.0,48.0,b'N'
9.0,17.0,4.0,0.0,9.0,9.0,1.0,22.0,36.24,19.5,13780.28,0.24,147.0,0.05,765.57,706.68,52.0,95.0,16.0,12.0,38.0,b'N'
6.0,13.0,0.0,0.0,7.0,7.0,5.0,43.0,33.5,20.95,14705.2,0.23,131.0,0.05,816.96,701.84,44.0,87.0,21.0,20.0,51.0,b'Y'
5.0,9.0,0.0,0.0,5.0,3.0,4.0,24.0,12.66,30.81,12019.46,0.13,84.0,0.03,667.75,390.08,29.0,55.0,8.0,17.0,31.0,b'N'
8.0,39.0,0.0,36.0,20.0,2.0,20.0,53.0,36.42,19.0,13146.0,0.23,136.0,0.05,730.33,691.89,38.0,98.0,17.0,17.0,99.0,b'Y'
9.0,10.0,6.0,0.0,6.0,6.0,1.0,43.0,52.31,17.16,15395.56,0.3,159.0,0.06,855.31,897.37,61.0,98.0,32.0,18.0,60.0,b'N'
6.0,13.0,1.0,0.0,7.0,5.0,3.0,32.0,33.07,18.75,11627.18,0.21,115.0,0.05,645.95,620.12,50.0,65.0,24.0,18.0,41.0,b'Y'
9.0,13.0,0.0,0.0,7.0,7.0,3.0,21.0,45.99,16.2,12070.13,0.25,140.0,0.06,670.56,745.07,54.0,86.0,25.0,15.0,32.0,b'N'
3.0,9.0,0.0,3.0,5.0,3.0,3.0,27.0,16.85,29.29,14452.03,0.16,97.0,0.03,802.89,493.48,41.0,56.0,14.0,20.0,33.0,b'N'
4.0,11.0,0.0,1.0,6.0,2.0,6.0,24.0,32.79,21.44,15069.64,0.23,128.0,0.05,837.2,702.96,49.0,79.0,24.0,21.0,32.0,b'N'
10.0,1.0,0.0,1.0,1.0,1.0,1.0,38.0,78.09,13.4,14021.41,0.35,204.0,0.07,778.97,1046.36,67.0,137.0,25.0,10.0,51.0,b'Y'
13.0,11.0,0.0,0.0,10.0,2.0,1.0,58.0,35.85,19.0,12942.93,0.23,128.0,0.05,719.05,681.21,42.0,86.0,21.0,19.0,74.0,b'Y'
16.0,7.0,0.0,3.0,4.0,4.0,1.0,28.0,46.75,16.19,12247.78,0.25,137.0,0.06,680.43,756.73,46.0,91.0,27.0,19.0,49.0,b'Y'
3.0,9.0,2.0,1.0,5.0,1.0,3.0,36.0,25.53,24.5,15326.24,0.21,121.0,0.04,851.46,625.56,49.0,72.0,18.0,18.0,47.0,b'Y'
15.0,1.0,0.0,19.0,1.0,1.0,1.0,27.0,70.45,14.15,14113.4,0.33,196.0,0.07,784.08,997.14,92.0,104.0,26.0,8.0,64.0,b'N'
4.0,5.0,0.0,0.0,3.0,1.0,1.0,38.0,78.46,12.88,13018.74,0.34,180.0,0.08,723.26,1010.65,89.0,91.0,38.0,11.0,44.0,b'N'
1.0,19.0,0.0,0.0,10.0,9.0,10.0,25.0,32.67,20.57,13824.4,0.22,129.0,0.05,768.02,672.02,54.0,75.0,21.0,16.0,28.0,b'N'
9.0,5.0,0.0,1.0,3.0,1.0,1.0,33.0,25.49,22.93,13406.72,0.19,118.0,0.04,744.82,584.6,43.0,75.0,15.0,16.0,45.0,b'Y'
3.0,15.0,0.0,0.0,8.0,2.0,6.0,18.0,13.16,31.0,12649.91,0.14,89.0,0.03,702.77,408.06,31.0,58.0,8.0,16.0,23.0,b'N'
4.0,9.0,0.0,0.0,5.0,2.0,1.0,27.0,27.63,20.7,11840.9,0.19,109.0,0.05,657.83,572.02,46.0,63.0,20.0,18.0,33.0,b'N'
3.0,11.0,3.0,0.0,6.0,4.0,3.0,34.0,52.41,15.0,11792.37,0.26,144.0,0.07,655.13,786.16,58.0,86.0,29.0,15.0,42.0,b'N'
12.0,1.0,2.0,0.0,1.0,1.0,1.0,62.0,188.12,8.87,14789.29,0.56,274.0,0.11,821.63,1667.96,133.0,141.0,60.0,8.0,78.0,b'N'
4.0,13.0,0.0,0.0,7.0,3.0,6.0,21.0,11.16,32.22,11583.59,0.12,74.0,0.03,643.53,359.49,29.0,45.0,9.0,20.0,27.0,b'N'
7.0,7.0,0.0,2.0,4.0,2.0,4.0,23.0,29.88,21.55,13878.89,0.21,121.0,0.05,771.05,643.95,39.0,82.0,19.0,21.0,36.0,b'N'
10.0,11.0,0.0,17.0,6.0,6.0,5.0,40.0,40.7,18.18,13453.78,0.25,141.0,0.06,747.43,739.96,50.0,91.0,22.0,16.0,69.0,b'N'
9.0,1.0,0.0,1.0,1.0,1.0,1.0,51.0,160.61,8.6,11889.23,0.46,233.0,0.12,660.51,1381.86,114.0,119.0,53.0,8.0,63.0,b'N'
15.0,15.0,0.0,13.0,8.0,7.0,1.0,62.0,76.77,13.43,13846.63,0.34,176.0,0.07,769.26,1031.0,77.0,99.0,43.0,15.0,92.0,b'Y'
5.0,15.0,0.0,6.0,8.0,6.0,1.0,42.0,40.86,19.8,16016.87,0.27,152.0,0.05,889.83,808.93,66.0,86.0,25.0,15.0,56.0,b'N'
1.0,13.0,0.0,4.0,7.0,4.0,7.0,36.0,45.15,17.43,13714.99,0.26,156.0,0.06,761.94,786.93,61.0,95.0,21.0,12.0,45.0,b'N'
2.0,27.0,1.0,0.0,14.0,13.0,14.0,32.0,47.94,17.64,14917.52,0.28,160.0,0.06,828.75,845.66,63.0,97.0,25.0,14.0,37.0,b'N'
7.0,5.0,0.0,2.0,3.0,2.0,1.0,19.0,20.24,24.23,11881.56,0.16,102.0,0.04,660.09,490.35,42.0,60.0,13.0,15.0,30.0,b'N'
5.0,13.0,0.0,0.0,7.0,3.0,4.0,34.0,36.69,20.66,15664.53,0.25,133.0,0.05,870.25,758.16,61.0,72.0,31.0,21.0,39.0,b'N'
4.0,25.0,1.0,2.0,13.0,9.0,12.0,51.0,60.3,14.06,11920.88,0.28,151.0,0.07,662.27,847.82,58.0,93.0,33.0,16.0,60.0,b'Y'
3.0,5.0,0.0,1.0,3.0,3.0,1.0,32.0,35.54,20.36,14738.99,0.24,140.0,0.05,818.83,723.79,64.0,76.0,22.0,14.0,38.0,b'N'
3.0,21.0,0.0,0.0,11.0,4.0,1.0,28.0,26.69,23.4,14613.38,0.21,119.0,0.04,811.85,624.5,52.0,67.0,20.0,18.0,37.0,b'N'
8.0,17.0,4.0,13.0,9.0,8.0,6.0,46.0,45.41,16.64,12574.87,0.25,144.0,0.06,698.6,755.7,64.0,80.0,25.0,13.0,73.0,b'N'
5.0,23.0,0.0,6.0,12.0,12.0,12.0,35.0,48.26,18.31,16173.75,0.29,166.0,0.05,898.54,883.44,68.0,98.0,26.0,14.0,48.0,b'N'
20.0,9.0,0.0,4.0,5.0,5.0,1.0,27.0,48.82,18.0,15816.54,0.29,160.0,0.06,878.7,878.7,54.0,106.0,27.0,18.0,53.0,b'Y'
7.0,7.0,1.0,0.0,4.0,3.0,1.0,27.0,27.06,24.44,16166.83,0.22,130.0,0.04,898.16,661.37,55.0,75.0,18.0,16.0,37.0,b'N'
9.0,21.0,2.0,15.0,11.0,7.0,3.0,35.0,28.31,23.33,15415.76,0.22,125.0,0.04,856.43,660.68,40.0,85.0,18.0,21.0,63.0,b'Y'
4.0,10.0,0.0,1.0,7.0,4.0,1.0,30.0,24.32,24.89,15071.36,0.2,113.0,0.04,837.3,605.4,43.0,70.0,19.0,22.0,37.0,b'N'
1.0,11.0,0.0,0.0,6.0,5.0,6.0,15.0,16.2,27.77,12496.15,0.15,90.0,0.04,694.23,450.0,38.0,52.0,13.0,19.0,18.0,b'N'
1.0,21.0,0.0,0.0,11.0,2.0,1.0,19.0,37.6,18.24,12508.38,0.23,128.0,0.05,694.91,685.77,57.0,71.0,25.0,16.0,20.0,b'Y'
6.0,7.0,4.0,1.0,5.0,4.0,1.0,31.0,45.69,18.28,15270.16,0.28,148.0,0.05,848.34,835.29,65.0,83.0,32.0,18.0,45.0,b'Y'
18.0,13.0,0.0,6.0,7.0,7.0,4.0,31.0,65.31,14.0,12800.27,0.3,162.0,0.07,711.13,914.3,72.0,90.0,36.0,14.0,58.0,b'N'
3.0,13.0,0.0,2.0,7.0,5.0,7.0,37.0,48.83,17.91,15670.39,0.29,152.0,0.06,870.58,874.74,66.0,86.0,35.0,19.0,42.0,b'N'
1.0,17.0,0.0,0.0,9.0,5.0,1.0,24.0,30.09,22.67,15459.98,0.23,139.0,0.04,858.89,682.06,68.0,71.0,18.0,12.0,27.0,b'N'
5.0,7.0,0.0,5.0,4.0,3.0,1.0,30.0,50.91,15.46,12171.15,0.26,150.0,0.06,676.18,787.19,67.0,83.0,26.0,12.0,42.0,b'N'
5.0,19.0,0.0,11.0,10.0,4.0,3.0,29.0,22.98,23.5,12690.0,0.18,108.0,0.04,705.0,540.0,47.0,61.0,16.0,16.0,50.0,b'N'
7.0,5.0,0.0,0.0,3.0,2.0,3.0,23.0,60.63,15.63,14801.48,0.32,167.0,0.06,822.3,947.3,75.0,92.0,36.0,15.0,32.0,b'N'
2.0,1.0,0.0,0.0,1.0,1.0,1.0,63.0,567.46,5.06,14514.63,0.96,441.0,0.2,806.37,2869.94,220.0,221.0,87.0,4.0,67.0,b'N'
3.0,19.0,0.0,2.0,10.0,5.0,10.0,18.0,19.23,27.04,14060.0,0.17,104.0,0.04,781.11,520.0,37.0,67.0,13.0,19.0,26.0,b'N'
2.0,19.0,0.0,1.0,10.0,1.0,10.0,16.0,19.53,27.82,15111.7,0.18,113.0,0.04,839.54,543.23,36.0,77.0,11.0,17.0,23.0,b'N'
4.0,7.0,0.0,17.0,4.0,4.0,1.0,34.0,56.53,14.69,12198.59,0.28,155.0,0.07,677.7,830.42,71.0,84.0,29.0,12.0,57.0,b'N'
6.0,7.0,0.0,0.0,4.0,4.0,1.0,20.0,20.01,27.95,15636.44,0.19,119.0,0.04,868.69,559.35,41.0,78.0,11.0,15.0,28.0,b'Y'
6.0,5.0,0.0,8.0,3.0,3.0,1.0,25.0,36.64,19.72,14249.09,0.24,134.0,0.05,791.62,722.57,58.0,76.0,25.0,17.0,39.0,b'Y'
7.0,13.0,0.0,10.0,7.0,4.0,6.0,32.0,45.45,17.42,13788.32,0.26,141.0,0.06,766.02,791.67,55.0,86.0,30.0,19.0,51.0,b'Y'
5.0,7.0,0.0,9.0,4.0,3.0,1.0,31.0,28.78,21.86,13747.33,0.21,119.0,0.05,763.74,628.96,51.0,68.0,21.0,18.0,45.0,b'N'
5.0,11.0,0.0,0.0,6.0,5.0,1.0,26.0,18.38,25.8,12233.66,0.16,94.0,0.04,679.65,474.17,43.0,51.0,15.0,18.0,33.0,b'N'
4.0,17.0,0.0,0.0,9.0,1.0,8.0,32.0,19.4,25.97,13078.34,0.17,99.0,0.04,726.57,503.66,41.0,58.0,15.0,19.0,38.0,b'N'
0.0,11.0,0.0,0.0,10.0,10.0,1.0,34.0,55.85,16.47,15152.09,0.31,163.0,0.06,841.78,919.95,70.0,93.0,34.0,16.0,36.0,b'N'
8.0,7.0,0.0,0.0,4.0,2.0,3.0,33.0,48.0,16.07,12400.95,0.26,144.0,0.06,688.94,771.49,62.0,82.0,27.0,14.0,43.0,b'N'
5.0,15.0,0.0,7.0,9.0,2.0,9.0,44.0,36.31,20.9,15860.19,0.25,139.0,0.05,881.12,758.86,55.0,84.0,25.0,19.0,58.0,b'Y'
5.0,5.0,0.0,3.0,3.0,2.0,1.0,26.0,36.31,20.52,15293.66,0.25,141.0,0.05,849.65,745.24,59.0,82.0,23.0,16.0,36.0,b'N'
5.0,3.0,0.0,0.0,2.0,1.0,1.0,18.0,18.09,27.43,13609.37,0.17,127.0,0.04,756.08,496.18,48.0,79.0,7.0,8.0,26.0,b'Y'
3.0,11.0,0.0,0.0,6.0,5.0,6.0,22.0,27.22,23.18,14625.44,0.21,117.0,0.04,812.52,630.9,51.0,66.0,22.0,20.0,25.0,b'N'
4.0,9.0,0.0,0.0,5.0,5.0,1.0,34.0,67.13,13.41,12075.16,0.3,163.0,0.07,670.84,900.34,76.0,87.0,34.0,12.0,40.0,b'N'
8.0,5.0,1.0,5.0,2.0,1.0,1.0,32.0,39.81,18.24,13244.14,0.24,133.0,0.05,735.79,726.1,48.0,85.0,25.0,19.0,50.0,b'N'
3.0,5.0,0.0,3.0,3.0,3.0,1.0,18.0,21.57,23.43,11841.03,0.17,103.0,0.04,657.83,505.41,41.0,62.0,14.0,16.0,26.0,b'N'
4.0,13.0,0.0,2.0,7.0,4.0,1.0,35.0,46.04,17.33,13818.86,0.27,161.0,0.06,767.71,797.63,63.0,98.0,20.0,11.0,43.0,b'N'
5.0,11.0,3.0,4.0,7.0,6.0,1.0,37.0,28.97,21.04,12828.01,0.2,111.0,0.05,712.67,609.6,44.0,67.0,23.0,22.0,51.0,b'N'
8.0,11.0,0.0,0.0,6.0,4.0,1.0,44.0,48.7,16.96,14002.94,0.28,161.0,0.06,777.94,825.81,65.0,96.0,23.0,12.0,55.0,b'N'
2.0,27.0,1.0,1.0,14.0,13.0,14.0,29.0,37.58,19.16,13793.68,0.24,144.0,0.05,766.32,720.0,56.0,88.0,19.0,13.0,35.0,b'N'
6.0,5.0,0.0,1.0,3.0,2.0,1.0,44.0,72.25,12.69,11626.55,0.31,165.0,0.08,645.92,916.51,74.0,91.0,35.0,12.0,53.0,b'N'
3.0,9.0,0.0,1.0,7.0,7.0,1.0,34.0,41.66,16.71,11627.48,0.23,126.0,0.06,645.97,695.97,57.0,69.0,29.0,17.0,40.0,b'N'
11.0,5.0,1.0,5.0,3.0,3.0,1.0,32.0,50.34,16.92,14418.23,0.28,158.0,0.06,801.01,851.99,55.0,103.0,26.0,16.0,53.0,b'N'
6.0,7.0,0.0,0.0,4.0,4.0,3.0,23.0,28.15,20.5,11828.05,0.19,107.0,0.05,657.11,576.98,41.0,66.0,21.0,21.0,31.0,b'Y'
3.0,17.0,0.0,2.0,9.0,3.0,9.0,15.0,13.63,30.0,12267.61,0.14,86.0,0.03,681.53,408.92,30.0,56.0,9.0,18.0,23.0,b'N'
3.0,9.0,0.0,5.0,5.0,5.0,4.0,32.0,83.3,13.54,15279.97,0.38,191.0,0.07,848.89,1128.22,89.0,102.0,46.0,14.0,40.0,b'Y'
1.0,16.0,1.0,1.0,11.0,11.0,1.0,43.0,38.48,20.38,15988.59,0.26,142.0,0.05,888.25,784.35,53.0,89.0,26.0,20.0,48.0,b'Y'
6.0,9.0,0.0,0.0,5.0,2.0,5.0,24.0,36.5,17.81,11579.99,0.22,123.0,0.06,643.33,650.1,57.0,66.0,24.0,15.0,32.0,b'N'
7.0,8.0,0.0,9.0,5.0,3.0,1.0,29.0,29.79,20.45,12463.61,0.2,113.0,0.05,692.42,609.33,45.0,68.0,22.0,20.0,47.0,b'N'
2.0,13.0,0.0,1.0,7.0,3.0,4.0,37.0,29.88,22.62,15287.87,0.23,127.0,0.04,849.33,675.88,50.0,77.0,21.0,19.0,42.0,b'N'
4.0,1.0,0.0,5.0,1.0,1.0,1.0,16.0,67.2,13.16,11640.91,0.29,163.0,0.08,646.72,884.48,68.0,95.0,31.0,12.0,27.0,b'N'
6.0,7.0,0.0,1.0,4.0,4.0,1.0,31.0,36.41,18.39,12316.55,0.22,125.0,0.05,684.25,669.69,47.0,78.0,23.0,18.0,41.0,b'N'
1.0,13.0,0.0,0.0,7.0,5.0,5.0,28.0,27.42,22.5,13880.6,0.21,113.0,0.04,771.14,616.92,45.0,68.0,22.0,22.0,31.0,b'Y'
1.0,10.0,0.0,2.0,6.0,1.0,1.0,22.0,13.1,32.67,13977.12,0.14,99.0,0.03,776.51,427.87,28.0,71.0,6.0,14.0,27.0,b'N'
5.0,15.0,0.0,2.0,8.0,4.0,1.0,25.0,53.22,14.79,11646.29,0.26,146.0,0.07,647.02,787.28,66.0,80.0,29.0,13.0,35.0,b'N'
7.0,15.0,0.0,5.0,8.0,6.0,5.0,33.0,26.65,21.92,12806.31,0.19,113.0,0.05,711.46,584.2,49.0,64.0,19.0,17.0,47.0,b'N'
3.0,5.0,0.0,4.0,3.0,3.0,1.0,31.0,21.08,26.18,14449.08,0.18,122.0,0.04,802.73,551.87,48.0,74.0,11.0,12.0,45.0,b'N'
4.0,5.0,0.0,2.0,3.0,3.0,1.0,41.0,27.52,22.5,13933.68,0.21,125.0,0.04,774.09,619.27,48.0,77.0,16.0,15.0,50.0,b'N'
2.0,7.0,0.0,0.0,4.0,3.0,1.0,35.0,37.67,19.2,13886.77,0.24,135.0,0.05,771.49,723.27,60.0,75.0,25.0,16.0,39.0,b'N'
3.0,15.0,1.0,9.0,8.0,6.0,5.0,19.0,32.9,19.64,12694.01,0.22,125.0,0.05,705.22,646.24,55.0,70.0,21.0,15.0,34.0,b'N'
4.0,7.0,1.0,3.0,4.0,4.0,1.0,25.0,36.75,18.64,12767.18,0.23,141.0,0.05,709.29,684.98,61.0,80.0,18.0,11.0,35.0,b'N'
3.0,19.0,8.0,2.0,10.0,9.0,5.0,35.0,48.03,17.61,14891.16,0.28,154.0,0.06,827.29,845.75,58.0,96.0,28.0,17.0,50.0,b'Y'
7.0,11.0,0.0,0.0,6.0,6.0,1.0,49.0,84.07,12.66,13465.69,0.35,178.0,0.08,748.09,1063.96,81.0,97.0,48.0,15.0,56.0,b'Y'
7.0,15.0,0.0,0.0,8.0,7.0,1.0,29.0,32.39,21.48,14940.47,0.23,129.0,0.05,830.03,695.61,52.0,77.0,23.0,19.0,38.0,b'N'
1.0,15.0,0.0,0.0,8.0,5.0,1.0,31.0,30.49,21.44,14010.06,0.22,119.0,0.05,778.34,653.53,49.0,70.0,24.0,21.0,34.0,b'N'
2.0,17.0,0.0,4.0,9.0,5.0,8.0,15.0,27.29,21.62,12754.41,0.2,118.0,0.05,708.58,590.0,49.0,69.0,17.0,15.0,23.0,b'N'
3.0,27.0,0.0,0.0,14.0,7.0,12.0,36.0,27.19,20.59,11525.79,0.19,113.0,0.05,640.32,559.82,50.0,63.0,17.0,14.0,41.0,b'N'
6.0,13.0,0.0,0.0,7.0,5.0,4.0,32.0,27.28,21.26,12333.82,0.19,109.0,0.05,685.21,580.09,47.0,62.0,21.0,19.0,40.0,b'N'
21.0,18.0,0.0,0.0,12.0,7.0,1.0,55.0,35.75,20.92,15645.96,0.25,147.0,0.05,869.22,747.86,53.0,94.0,19.0,15.0,78.0,b'Y'
1.0,9.0,0.0,0.0,5.0,2.0,1.0,17.0,12.8,30.86,12190.34,0.13,93.0,0.03,677.24,395.06,36.0,57.0,7.0,12.0,20.0,b'N'
8.0,7.0,0.0,0.0,4.0,4.0,1.0,32.0,57.02,16.75,15996.73,0.32,171.0,0.06,888.71,955.03,67.0,104.0,32.0,16.0,42.0,b'N'
4.0,9.0,0.0,0.0,5.0,1.0,4.0,27.0,27.38,22.1,13370.5,0.2,121.0,0.05,742.81,605.0,39.0,82.0,15.0,17.0,33.0,b'N'
2.0,13.0,0.0,1.0,7.0,3.0,4.0,37.0,33.02,21.07,14653.15,0.23,129.0,0.05,814.06,695.61,51.0,78.0,23.0,19.0,42.0,b'N'
11.0,23.0,0.0,0.0,12.0,11.0,1.0,44.0,53.5,15.32,12559.06,0.27,153.0,0.07,697.73,819.71,66.0,87.0,28.0,13.0,57.0,b'N'
4.0,5.0,0.0,4.0,3.0,3.0,1.0,27.0,18.4,25.2,11687.28,0.15,104.0,0.04,649.29,463.78,42.0,62.0,10.0,12.0,42.0,b'N'
7.0,17.0,0.0,9.0,9.0,6.0,1.0,33.0,24.07,22.94,12668.16,0.18,106.0,0.04,703.79,552.2,39.0,67.0,17.0,20.0,51.0,b'N'
4.0,13.0,0.0,1.0,7.0,5.0,5.0,22.0,19.48,24.6,11788.75,0.16,95.0,0.04,654.93,479.22,41.0,54.0,15.0,18.0,31.0,b'N'
5.0,5.0,0.0,0.0,4.0,4.0,1.0,33.0,40.53,19.25,15018.77,0.26,159.0,0.05,834.38,780.2,77.0,82.0,20.0,10.0,40.0,b'N'
4.0,13.0,0.0,0.0,7.0,4.0,5.0,16.0,23.82,22.0,11528.19,0.17,103.0,0.05,640.46,524.01,44.0,59.0,17.0,17.0,22.0,b'N'
5.0,5.0,0.0,2.0,3.0,1.0,1.0,25.0,11.91,31.57,11871.1,0.13,87.0,0.03,659.51,376.01,34.0,53.0,7.0,13.0,34.0,b'N'
6.0,11.0,0.0,0.0,6.0,5.0,6.0,31.0,32.93,20.24,13488.42,0.22,127.0,0.05,749.36,666.49,50.0,77.0,21.0,17.0,39.0,b'N'
25.0,13.0,1.0,12.0,7.0,3.0,5.0,34.0,20.08,27.64,15341.79,0.19,111.0,0.04,852.32,555.0,43.0,68.0,14.0,18.0,75.0,b'N'
14.0,17.0,9.0,22.0,9.0,2.0,5.0,16.0,21.17,24.57,12780.35,0.17,106.0,0.04,710.02,520.13,43.0,63.0,14.0,16.0,63.0,b'Y'
12.0,1.0,0.0,1.0,1.0,1.0,1.0,33.0,168.98,9.14,14115.6,0.51,245.0,0.11,784.2,1544.43,113.0,132.0,68.0,11.0,48.0,b'N'
3.0,31.0,0.0,2.0,16.0,15.0,1.0,67.0,100.54,10.94,12035.65,0.37,204.0,0.09,668.65,1100.03,93.0,111.0,34.0,8.0,74.0,b'Y'
3.0,23.0,0.0,0.0,12.0,8.0,12.0,28.0,23.61,26.18,16183.91,0.21,130.0,0.04,899.11,618.14,36.0,94.0,11.0,16.0,35.0,b'N'
3.0,15.0,0.0,17.0,8.0,5.0,4.0,38.0,28.79,22.89,15081.63,0.22,123.0,0.04,837.87,658.98,53.0,70.0,22.0,19.0,60.0,b'N'
3.0,13.0,0.0,0.0,7.0,4.0,1.0,21.0,17.2,27.04,12572.88,0.16,93.0,0.04,698.49,465.0,37.0,56.0,13.0,19.0,26.0,b'N'
6.0,13.0,0.0,0.0,7.0,4.0,6.0,13.0,21.33,23.75,12033.0,0.17,98.0,0.04,668.5,506.65,38.0,60.0,16.0,20.0,22.0,b'N'
5.0,19.0,0.0,4.0,10.0,6.0,8.0,25.0,27.2,23.0,14386.7,0.21,116.0,0.04,799.26,625.51,46.0,70.0,21.0,21.0,36.0,b'Y'
1.0,5.0,3.0,0.0,3.0,2.0,1.0,21.0,17.76,28.88,14808.1,0.17,115.0,0.03,822.67,512.83,33.0,82.0,8.0,14.0,28.0,b'N'
4.0,17.0,0.0,3.0,9.0,4.0,9.0,17.0,17.76,26.25,12236.56,0.16,95.0,0.04,679.81,466.15,35.0,60.0,12.0,18.0,27.0,b'N'
3.0,13.0,0.0,0.0,7.0,7.0,1.0,20.0,22.1,25.5,14369.81,0.19,109.0,0.04,798.32,563.52,51.0,58.0,18.0,18.0,25.0,b'N'
6.0,9.0,0.0,5.0,5.0,1.0,1.0,27.0,19.98,26.73,14273.53,0.18,115.0,0.04,792.97,534.04,42.0,73.0,11.0,14.0,44.0,b'N'
4.0,9.0,0.0,0.0,5.0,5.0,1.0,41.0,35.03,21.35,15966.75,0.25,147.0,0.05,887.04,747.86,61.0,86.0,20.0,14.0,47.0,b'N'
8.0,15.0,0.0,2.0,8.0,4.0,7.0,28.0,26.4,22.69,13595.95,0.2,115.0,0.04,755.33,599.09,43.0,72.0,18.0,19.0,40.0,b'N'
0.0,13.0,0.0,0.0,7.0,3.0,4.0,12.0,32.35,19.5,12301.49,0.21,124.0,0.05,683.42,630.85,39.0,85.0,17.0,17.0,14.0,b'N'
7.0,15.0,1.0,3.0,8.0,1.0,5.0,22.0,15.48,27.62,11809.75,0.14,88.0,0.04,656.1,427.5,39.0,49.0,12.0,17.0,38.0,b'N'
1.0,21.0,0.0,0.0,11.0,11.0,11.0,20.0,30.1,21.47,13878.22,0.22,126.0,0.05,771.01,646.29,51.0,75.0,19.0,16.0,23.0,b'N'
16.0,13.0,7.0,18.0,7.0,6.0,1.0,35.0,51.44,15.0,11575.03,0.26,146.0,0.07,643.06,771.67,60.0,86.0,26.0,13.0,79.0,b'Y'
6.0,15.0,0.0,5.0,8.0,8.0,6.0,31.0,24.3,24.5,14583.21,0.2,117.0,0.04,810.18,595.23,49.0,68.0,17.0,17.0,45.0,b'Y'
0.0,5.0,0.0,0.0,3.0,3.0,1.0,21.0,26.5,22.67,13616.95,0.2,139.0,0.04,756.5,600.75,68.0,71.0,12.0,8.0,23.0,b'N'
6.0,13.0,0.0,0.0,7.0,4.0,3.0,38.0,35.33,20.17,14369.55,0.24,129.0,0.05,798.31,712.54,44.0,85.0,24.0,22.0,46.0,b'N'
1.0,11.0,1.0,0.0,6.0,4.0,1.0,20.0,25.74,21.18,11541.18,0.18,109.0,0.05,641.18,545.0,48.0,61.0,17.0,15.0,24.0,b'N'
4.0,27.0,1.0,0.0,14.0,2.0,9.0,42.0,29.65,22.29,14723.62,0.22,125.0,0.04,817.98,660.68,52.0,73.0,21.0,18.0,51.0,b'N'
7.0,5.0,0.0,0.0,3.0,2.0,1.0,22.0,44.34,18.35,14923.78,0.27,149.0,0.05,829.1,813.46,53.0,96.0,26.0,18.0,31.0,b'N'
11.0,7.0,0.0,3.0,4.0,3.0,1.0,34.0,43.0,17.72,13500.28,0.25,135.0,0.06,750.02,761.92,63.0,72.0,32.0,18.0,50.0,b'N'
3.0,7.0,0.0,1.0,4.0,3.0,4.0,22.0,15.9,27.2,11762.38,0.14,92.0,0.04,653.47,432.44,34.0,58.0,10.0,16.0,28.0,b'N'
3.0,19.0,1.0,3.0,10.0,2.0,1.0,22.0,29.99,19.98,11966.77,0.2,115.0,0.05,664.82,599.09,47.0,68.0,20.0,17.0,31.0,b'N'
2.0,13.0,0.0,0.0,7.0,1.0,1.0,22.0,41.74,16.92,11954.35,0.24,131.0,0.06,664.13,706.39,55.0,76.0,26.0,16.0,26.0,b'N'
1.0,7.0,0.0,0.0,4.0,4.0,1.0,35.0,45.1,17.78,14247.85,0.27,165.0,0.06,791.55,801.57,79.0,86.0,20.0,9.0,38.0,b'N'
2.0,11.0,0.0,0.0,6.0,5.0,1.0,35.0,36.48,20.89,15925.61,0.25,138.0,0.05,884.76,762.25,65.0,73.0,28.0,18.0,39.0,b'Y'
2.0,19.0,0.0,1.0,10.0,5.0,8.0,43.0,41.05,19.84,16156.66,0.27,152.0,0.05,897.59,814.35,62.0,90.0,25.0,16.0,48.0,b'N'
8.0,8.0,0.0,1.0,6.0,5.0,1.0,34.0,39.94,19.64,15409.74,0.26,139.0,0.05,856.1,784.5,50.0,89.0,28.0,22.0,45.0,b'Y'
7.0,6.0,0.0,1.0,4.0,4.0,1.0,27.0,43.45,17.04,12609.11,0.25,134.0,0.06,700.51,740.16,53.0,81.0,28.0,18.0,37.0,b'N'
12.0,1.0,9.0,4.0,1.0,1.0,1.0,30.0,109.66,11.06,13423.09,0.4,208.0,0.09,745.73,1213.24,104.0,104.0,47.0,10.0,57.0,b'N'
4.0,11.0,0.0,6.0,6.0,2.0,4.0,24.0,26.7,23.0,14122.17,0.2,117.0,0.04,784.57,614.01,46.0,71.0,19.0,19.0,37.0,b'Y'
5.0,21.0,0.0,1.0,11.0,2.0,11.0,35.0,22.2,23.75,12524.14,0.18,102.0,0.04,695.79,527.33,38.0,64.0,16.0,20.0,43.0,b'N'
7.0,13.0,0.0,6.0,7.0,4.0,1.0,39.0,83.05,12.0,11959.9,0.33,174.0,0.08,664.44,996.66,82.0,92.0,41.0,12.0,54.0,b'N'
11.0,7.0,0.0,0.0,4.0,3.0,1.0,30.0,39.66,17.86,12647.85,0.24,137.0,0.06,702.66,708.28,50.0,87.0,21.0,15.0,43.0,b'Y'
8.0,4.0,0.0,0.0,3.0,3.0,1.0,23.0,27.43,20.59,11627.79,0.19,114.0,0.05,645.99,564.78,50.0,64.0,17.0,14.0,33.0,b'N'
4.0,13.0,0.0,0.0,7.0,2.0,6.0,35.0,26.28,21.5,12147.5,0.19,113.0,0.05,674.86,565.0,43.0,70.0,16.0,16.0,42.0,b'N'
3.0,37.0,0.0,5.0,19.0,10.0,19.0,23.0,26.72,21.23,12044.99,0.19,118.0,0.05,669.17,567.27,49.0,69.0,15.0,13.0,36.0,b'N'
8.0,23.0,2.0,6.0,12.0,9.0,6.0,63.0,86.26,13.59,15934.13,0.39,201.0,0.07,885.23,1172.41,92.0,109.0,44.0,13.0,81.0,b'Y'
6.0,1.0,0.0,0.0,1.0,1.0,1.0,19.0,25.32,22.4,12703.26,0.19,136.0,0.04,705.74,567.11,56.0,80.0,10.0,8.0,27.0,b'N'
16.0,7.0,0.0,1.0,4.0,4.0,1.0,29.0,40.1,17.35,12067.3,0.23,129.0,0.06,670.41,695.61,42.0,87.0,23.0,19.0,48.0,b'Y'
7.0,5.0,0.0,0.0,3.0,1.0,1.0,26.0,36.65,17.74,11532.29,0.22,123.0,0.06,640.68,650.1,51.0,72.0,23.0,16.0,36.0,b'N'
8.0,11.0,0.0,6.0,6.0,2.0,3.0,21.0,18.35,27.0,13376.33,0.17,100.0,0.04,743.13,495.42,39.0,61.0,13.0,18.0,38.0,b'N'
11.0,1.0,0.0,1.0,1.0,1.0,1.0,28.0,91.4,11.5,12088.01,0.35,181.0,0.09,671.56,1051.13,69.0,112.0,42.0,14.0,43.0,b'N'
7.0,15.0,0.0,0.0,8.0,3.0,4.0,25.0,15.99,31.17,15528.69,0.17,106.0,0.03,862.7,498.25,33.0,73.0,9.0,17.0,34.0,b'N'
6.0,11.0,0.0,0.0,6.0,6.0,1.0,43.0,45.57,18.08,14898.51,0.27,146.0,0.06,827.69,824.0,59.0,87.0,31.0,19.0,53.0,b'N'
9.0,12.0,1.0,2.0,7.0,6.0,1.0,40.0,32.5,20.87,14155.47,0.23,125.0,0.05,786.42,678.28,48.0,77.0,23.0,20.0,54.0,b'N'
4.0,11.0,0.0,13.0,6.0,6.0,5.0,32.0,25.31,24.23,14852.51,0.2,116.0,0.04,825.14,613.11,51.0,65.0,20.0,19.0,51.0,b'N'
11.0,15.0,0.0,0.0,8.0,7.0,1.0,46.0,40.37,19.24,14942.9,0.26,148.0,0.05,830.16,776.69,59.0,89.0,23.0,15.0,59.0,b'N'
8.0,5.0,0.0,0.0,3.0,2.0,3.0,29.0,46.39,16.39,12460.75,0.25,141.0,0.06,692.26,760.32,59.0,82.0,27.0,15.0,37.0,b'N'
15.0,3.0,0.0,10.0,2.0,2.0,1.0,38.0,82.09,11.97,11757.95,0.33,165.0,0.08,653.22,982.44,75.0,90.0,47.0,15.0,65.0,b'N'
10.0,1.0,0.0,0.0,1.0,1.0,1.0,31.0,88.48,12.91,14754.7,0.38,221.0,0.08,819.71,1142.55,107.0,114.0,29.0,7.0,43.0,b'N'
5.0,9.0,0.0,0.0,5.0,4.0,1.0,30.0,42.86,18.75,15068.12,0.27,150.0,0.05,837.12,803.63,65.0,85.0,26.0,15.0,37.0,b'N'
6.0,13.0,0.0,5.0,7.0,3.0,6.0,31.0,32.65,21.77,15475.59,0.24,131.0,0.05,859.76,710.84,55.0,76.0,24.0,19.0,47.0,b'N'
2.0,19.0,0.0,0.0,10.0,9.0,9.0,34.0,29.93,22.75,15492.52,0.23,124.0,0.04,860.7,680.99,52.0,72.0,24.0,21.0,40.0,b'N'
2.0,9.0,0.0,4.0,8.0,4.0,1.0,43.0,35.01,20.74,15053.82,0.24,121.0,0.05,836.32,726.0,47.0,74.0,34.0,30.0,53.0,b'N'
1.0,21.0,0.0,0.0,11.0,7.0,6.0,15.0,41.78,17.82,13265.09,0.25,144.0,0.06,736.95,744.47,56.0,88.0,22.0,14.0,18.0,b'N'
1.0,15.0,0.0,0.0,8.0,7.0,8.0,47.0,44.27,19.09,16135.47,0.28,149.0,0.05,896.42,845.19,70.0,79.0,33.0,18.0,52.0,b'N'
6.0,9.0,0.0,7.0,5.0,3.0,1.0,21.0,32.58,20.56,13777.0,0.22,122.0,0.05,765.39,670.01,47.0,75.0,24.0,21.0,36.0,b'N'
4.0,15.0,1.0,4.0,8.0,6.0,1.0,39.0,32.74,21.08,14549.77,0.23,128.0,0.05,808.32,690.22,62.0,66.0,25.0,17.0,52.0,b'N'
7.0,13.0,0.0,0.0,7.0,4.0,1.0,33.0,31.01,19.9,12288.08,0.21,116.0,0.05,682.67,617.34,44.0,72.0,21.0,19.0,42.0,b'Y'
7.0,15.0,0.0,0.0,8.0,6.0,6.0,36.0,37.6,20.67,16058.03,0.26,146.0,0.05,892.11,777.0,62.0,84.0,24.0,16.0,45.0,b'N'
5.0,11.0,0.0,1.0,6.0,3.0,1.0,24.0,34.56,20.95,15171.91,0.24,139.0,0.05,842.88,724.11,55.0,84.0,21.0,16.0,32.0,b'N'
2.0,9.0,0.0,0.0,5.0,2.0,5.0,27.0,24.38,23.74,13734.51,0.19,108.0,0.04,763.03,578.62,41.0,67.0,19.0,22.0,29.0,b'N'
5.0,9.0,0.0,1.0,5.0,5.0,1.0,37.0,44.77,17.77,14144.41,0.27,141.0,0.06,785.8,795.78,58.0,83.0,31.0,19.0,46.0,b'N'
2.0,9.0,0.0,0.0,5.0,4.0,1.0,29.0,29.55,20.31,12185.89,0.2,117.0,0.05,676.99,600.13,43.0,74.0,18.0,17.0,34.0,b'N'
3.0,7.0,0.0,0.0,4.0,3.0,1.0,35.0,37.67,17.92,12096.92,0.23,126.0,0.06,672.05,675.05,56.0,70.0,25.0,16.0,40.0,b'N'
4.0,7.0,0.0,0.0,4.0,3.0,4.0,25.0,21.25,26.21,14593.06,0.19,102.0,0.04,810.73,556.86,33.0,69.0,17.0,27.0,31.0,b'N'
3.0,15.0,0.0,0.0,8.0,4.0,7.0,12.0,20.5,24.07,11876.51,0.16,97.0,0.04,659.81,493.48,38.0,59.0,15.0,19.0,17.0,b'N'
5.0,11.0,0.0,2.0,6.0,6.0,1.0,49.0,46.37,18.37,15650.15,0.28,157.0,0.05,869.45,851.92,62.0,95.0,27.0,16.0,59.0,b'N'
6.0,13.0,0.0,0.0,7.0,7.0,1.0,44.0,73.36,13.26,12890.28,0.32,166.0,0.08,716.13,972.42,76.0,90.0,43.0,15.0,52.0,b'Y'
7.0,11.0,0.0,4.0,6.0,5.0,3.0,29.0,41.25,18.58,14236.57,0.26,144.0,0.05,790.92,766.36,69.0,75.0,26.0,14.0,42.0,b'N'
8.0,7.0,0.0,18.0,4.0,3.0,1.0,22.0,26.08,21.16,11676.18,0.18,103.0,0.05,648.68,551.83,49.0,54.0,22.0,19.0,50.0,b'Y'
2.0,15.0,0.0,6.0,8.0,3.0,8.0,19.0,27.86,20.63,11852.91,0.19,116.0,0.05,658.5,574.69,44.0,72.0,16.0,15.0,29.0,b'N'
14.0,7.0,0.0,0.0,6.0,2.0,1.0,34.0,39.75,18.21,13186.34,0.24,127.0,0.05,732.57,723.96,75.0,52.0,35.0,17.0,51.0,b'N'
10.0,7.0,0.0,6.0,4.0,4.0,1.0,71.0,184.32,8.07,12004.59,0.5,247.0,0.12,666.92,1487.52,115.0,132.0,57.0,8.0,89.0,b'N'
8.0,14.0,4.0,7.0,8.0,7.0,6.0,55.0,39.38,20.0,15750.5,0.26,149.0,0.05,875.03,787.52,64.0,85.0,24.0,15.0,76.0,b'Y'
6.0,11.0,0.0,1.0,6.0,4.0,1.0,32.0,63.84,13.53,11680.72,0.29,153.0,0.07,648.93,863.51,77.0,76.0,37.0,13.0,41.0,b'Y'
4.0,5.0,0.0,0.0,3.0,2.0,1.0,15.0,26.83,22.35,13405.31,0.2,116.0,0.04,744.74,599.71,40.0,76.0,17.0,19.0,21.0,b'Y'
3.0,7.0,0.0,0.0,4.0,4.0,1.0,35.0,44.29,16.3,11760.93,0.24,133.0,0.06,653.38,721.69,55.0,78.0,27.0,16.0,41.0,b'N'
11.0,5.0,0.0,0.0,3.0,2.0,1.0,27.0,22.69,22.67,11659.44,0.17,107.0,0.04,647.75,514.39,34.0,73.0,12.0,16.0,41.0,b'N'
1.0,23.0,0.0,1.0,12.0,11.0,12.0,27.0,44.3,16.77,12464.7,0.25,131.0,0.06,692.48,743.09,52.0,79.0,31.0,20.0,31.0,b'Y'
6.0,11.0,0.0,0.0,6.0,5.0,4.0,28.0,30.57,21.25,13805.54,0.22,119.0,0.05,766.97,649.67,51.0,68.0,24.0,20.0,36.0,b'N'
4.0,7.0,0.0,0.0,4.0,2.0,1.0,20.0,26.48,23.82,15030.31,0.21,123.0,0.04,835.02,630.9,45.0,78.0,17.0,18.0,26.0,b'N'
8.0,11.0,0.0,0.0,6.0,5.0,4.0,29.0,30.46,19.83,11973.76,0.2,112.0,0.05,665.21,603.94,48.0,64.0,23.0,19.0,39.0,b'N'
5.0,17.0,2.0,1.0,9.0,2.0,8.0,19.0,26.07,21.25,11771.7,0.18,108.0,0.05,653.98,553.96,45.0,63.0,18.0,17.0,29.0,b'N'
12.0,13.0,2.0,1.0,7.0,6.0,3.0,33.0,53.49,17.0,15457.63,0.3,158.0,0.06,858.76,909.27,74.0,84.0,37.0,17.0,50.0,b'N'
9.0,9.0,0.0,6.0,5.0,5.0,3.0,44.0,55.33,16.25,14611.66,0.3,161.0,0.06,811.76,899.18,65.0,96.0,32.0,16.0,61.0,b'N'
6.0,7.0,0.0,0.0,4.0,4.0,1.0,32.0,45.36,16.32,12102.03,0.25,151.0,0.06,672.33,740.94,49.0,102.0,18.0,12.0,40.0,b'N'
1.0,15.0,0.0,0.0,8.0,4.0,8.0,25.0,11.19,33.75,12748.7,0.13,86.0,0.03,708.26,377.74,27.0,59.0,6.0,15.0,29.0,b'N'
11.0,9.0,0.0,10.0,5.0,4.0,1.0,31.0,40.49,19.0,14615.09,0.26,137.0,0.05,811.95,769.22,60.0,77.0,30.0,19.0,56.0,b'N'
7.0,15.0,0.0,0.0,8.0,3.0,1.0,29.0,32.8,20.53,13824.9,0.22,145.0,0.05,768.05,673.36,73.0,72.0,16.0,9.0,38.0,b'Y'
4.0,22.0,0.0,3.0,13.0,5.0,1.0,51.0,32.52,20.63,13841.82,0.22,133.0,0.05,768.99,670.9,56.0,77.0,19.0,14.0,60.0,b'N'
3.0,5.0,0.0,0.0,3.0,2.0,1.0,18.0,33.4,19.8,13092.53,0.22,126.0,0.05,727.36,661.24,44.0,82.0,20.0,18.0,23.0,b'N'
10.0,8.0,2.0,2.0,6.0,6.0,1.0,38.0,34.74,18.81,12294.54,0.22,119.0,0.05,683.03,653.53,43.0,76.0,24.0,21.0,54.0,b'Y'
6.0,15.0,0.0,1.0,8.0,5.0,3.0,30.0,30.94,20.87,13476.01,0.22,119.0,0.05,748.67,645.73,48.0,71.0,23.0,20.0,39.0,b'Y'
2.0,11.0,0.0,1.0,6.0,5.0,3.0,21.0,14.63,31.17,14210.21,0.15,97.0,0.03,789.46,455.94,33.0,64.0,9.0,17.0,26.0,b'N'
13.0,12.0,0.0,0.0,11.0,11.0,1.0,49.0,39.51,19.76,15426.61,0.26,143.0,0.05,857.03,780.7,52.0,91.0,25.0,19.0,64.0,b'Y'
3.0,10.0,0.0,4.0,6.0,4.0,1.0,36.0,29.41,20.45,12296.59,0.2,113.0,0.05,683.14,601.38,37.0,76.0,19.0,21.0,46.0,b'N'
7.0,7.0,0.0,2.0,4.0,4.0,1.0,33.0,49.34,16.77,13882.89,0.28,149.0,0.06,771.27,827.63,65.0,84.0,31.0,16.0,44.0,b'N'
10.0,15.0,0.0,1.0,8.0,8.0,8.0,45.0,33.73,20.63,14346.93,0.23,129.0,0.05,797.05,695.61,55.0,74.0,24.0,18.0,58.0,b'N'
4.0,7.0,3.0,1.0,4.0,2.0,3.0,19.0,22.68,26.0,15330.08,0.2,108.0,0.04,851.67,589.62,36.0,72.0,18.0,26.0,30.0,b'Y'
9.0,11.0,0.0,7.0,6.0,2.0,5.0,34.0,24.87,25.2,15796.21,0.21,117.0,0.04,877.57,626.83,48.0,69.0,20.0,21.0,52.0,b'Y'
5.0,9.0,0.0,0.0,5.0,5.0,4.0,30.0,28.2,22.19,13888.67,0.21,122.0,0.05,771.59,625.77,47.0,75.0,18.0,17.0,37.0,b'N'
10.0,7.0,0.0,11.0,4.0,3.0,1.0,31.0,53.47,16.34,14274.47,0.29,161.0,0.06,793.03,873.63,61.0,100.0,28.0,15.0,54.0,b'N'
7.0,7.0,0.0,0.0,4.0,4.0,1.0,39.0,38.87,19.38,14604.4,0.25,138.0,0.05,811.36,753.4,56.0,82.0,26.0,18.0,48.0,b'Y'
6.0,33.0,1.0,20.0,17.0,16.0,16.0,26.0,40.31,18.75,14171.48,0.25,143.0,0.05,787.3,755.81,60.0,83.0,24.0,15.0,55.0,b'N'
7.0,11.0,0.0,20.0,6.0,5.0,1.0,44.0,91.46,13.1,15703.49,0.4,193.0,0.08,872.42,1198.42,95.0,98.0,58.0,16.0,71.0,b'Y'
1.0,13.0,0.0,0.0,7.0,7.0,7.0,21.0,31.43,21.05,13930.05,0.22,129.0,0.05,773.89,661.68,50.0,79.0,19.0,16.0,24.0,b'N'
3.0,13.0,0.0,0.0,7.0,6.0,5.0,42.0,75.6,13.33,13440.0,0.34,168.0,0.08,746.67,1008.0,80.0,88.0,48.0,16.0,45.0,b'Y'
11.0,15.0,0.0,8.0,11.0,5.0,1.0,40.0,32.07,20.83,13919.8,0.22,119.0,0.05,773.32,668.15,40.0,79.0,24.0,25.0,62.0,b'N'
8.0,15.0,0.0,1.0,8.0,7.0,5.0,41.0,33.1,21.28,14986.79,0.23,129.0,0.05,832.6,704.27,56.0,73.0,25.0,19.0,52.0,b'Y'
4.0,9.0,0.0,3.0,5.0,3.0,1.0,36.0,50.45,17.82,16025.69,0.3,161.0,0.06,890.32,899.18,65.0,96.0,31.0,17.0,46.0,b'N'
2.0,23.0,0.0,0.0,12.0,12.0,12.0,36.0,46.63,17.29,13945.85,0.27,146.0,0.06,774.77,806.44,59.0,87.0,29.0,17.0,40.0,b'N'
7.0,33.0,1.0,20.0,17.0,16.0,16.0,25.0,40.03,18.75,14072.38,0.25,142.0,0.05,781.8,750.53,60.0,82.0,24.0,15.0,55.0,b'N'
5.0,13.0,0.0,0.0,7.0,3.0,1.0,27.0,25.76,22.5,13041.92,0.19,117.0,0.04,724.55,579.64,48.0,69.0,16.0,15.0,34.0,b'N'
1.0,11.0,0.0,3.0,6.0,6.0,6.0,13.0,9.87,37.64,13979.88,0.12,81.0,0.03,776.66,371.38,31.0,50.0,7.0,17.0,19.0,b'N'
17.0,29.0,0.0,0.0,15.0,14.0,1.0,63.0,87.27,11.86,12282.72,0.35,192.0,0.08,682.37,1035.31,87.0,105.0,33.0,9.0,82.0,b'Y'
4.0,7.0,0.0,0.0,4.0,2.0,3.0,23.0,20.77,27.38,15572.12,0.19,110.0,0.04,865.12,568.69,49.0,61.0,17.0,19.0,27.0,b'N'
8.0,9.0,0.0,1.0,5.0,3.0,4.0,34.0,37.88,18.27,12641.82,0.23,126.0,0.05,702.32,691.97,50.0,76.0,26.0,19.0,45.0,b'N'
3.0,7.0,0.0,7.0,4.0,4.0,1.0,30.0,23.36,25.0,14598.0,0.19,119.0,0.04,811.0,583.92,50.0,69.0,15.0,15.0,42.0,b'Y'
1.0,3.0,0.0,0.0,2.0,2.0,1.0,28.0,31.05,21.47,14318.8,0.22,130.0,0.05,795.49,666.81,51.0,79.0,19.0,16.0,31.0,b'Y'
3.0,35.0,3.0,7.0,18.0,3.0,16.0,43.0,35.97,20.24,14733.34,0.24,135.0,0.05,818.52,727.96,49.0,86.0,23.0,19.0,58.0,b'Y'
1.0,17.0,0.0,0.0,9.0,4.0,1.0,31.0,18.77,27.69,14394.57,0.17,107.0,0.04,799.7,519.79,45.0,62.0,13.0,16.0,34.0,b'Y'
7.0,17.0,0.0,7.0,9.0,2.0,7.0,31.0,25.32,23.29,13740.44,0.2,115.0,0.04,763.36,589.87,44.0,71.0,17.0,18.0,49.0,b'N'
3.0,15.0,0.0,1.0,8.0,8.0,1.0,39.0,48.26,15.44,11500.19,0.25,143.0,0.06,638.9,744.95,57.0,86.0,24.0,13.0,45.0,b'Y'
22.0,9.0,0.0,0.0,5.0,5.0,4.0,57.0,103.45,12.52,16205.79,0.43,206.0,0.08,900.32,1294.79,97.0,109.0,62.0,16.0,81.0,b'N'
4.0,9.0,0.0,5.0,5.0,5.0,1.0,23.0,28.64,20.58,12128.64,0.2,114.0,0.05,673.81,589.37,46.0,68.0,19.0,17.0,34.0,b'N'
3.0,9.0,0.0,1.0,5.0,5.0,1.0,28.0,36.01,18.93,12908.03,0.23,129.0,0.05,717.11,681.82,49.0,80.0,22.0,17.0,34.0,b'N'
8.0,9.0,0.0,1.0,5.0,3.0,1.0,41.0,35.25,19.5,13402.82,0.23,134.0,0.05,744.6,687.32,52.0,82.0,20.0,15.0,52.0,b'N'
2.0,17.0,0.0,1.0,9.0,2.0,6.0,20.0,14.36,28.8,11906.86,0.14,86.0,0.03,661.49,413.43,32.0,54.0,10.0,18.0,25.0,b'N'
8.0,15.0,0.0,5.0,8.0,7.0,4.0,46.0,41.47,19.33,15501.67,0.27,146.0,0.05,861.2,801.81,58.0,88.0,27.0,18.0,61.0,b'Y'
32.0,11.0,1.0,7.0,6.0,5.0,1.0,28.0,35.42,20.14,14372.52,0.24,135.0,0.05,798.47,713.53,47.0,88.0,21.0,18.0,70.0,b'Y'
7.0,29.0,0.0,10.0,15.0,5.0,5.0,37.0,34.48,19.02,12479.45,0.22,125.0,0.05,693.3,655.99,47.0,78.0,21.0,17.0,56.0,b'N'
10.0,21.0,0.0,8.0,11.0,8.0,6.0,42.0,32.65,20.35,13517.8,0.22,124.0,0.05,750.99,664.34,52.0,72.0,23.0,18.0,62.0,b'N'
9.0,15.0,0.0,6.0,8.0,5.0,8.0,45.0,50.87,17.03,14758.72,0.29,156.0,0.06,819.93,866.52,66.0,90.0,31.0,16.0,63.0,b'N'
6.0,19.0,5.0,0.0,10.0,10.0,10.0,35.0,45.86,17.14,13477.0,0.26,144.0,0.06,748.72,786.16,60.0,84.0,28.0,16.0,48.0,b'N'
3.0,11.0,0.0,0.0,6.0,2.0,4.0,24.0,26.88,20.83,11665.16,0.19,111.0,0.05,648.06,559.93,50.0,61.0,18.0,15.0,29.0,b'N'
1.0,13.0,0.0,0.0,7.0,5.0,1.0,30.0,31.88,19.23,11790.68,0.2,111.0,0.05,655.04,613.12,50.0,61.0,26.0,20.0,33.0,b'Y'
8.0,11.0,0.0,2.0,6.0,3.0,3.0,33.0,35.54,19.74,13847.46,0.23,127.0,0.05,769.3,701.49,47.0,80.0,25.0,21.0,46.0,b'N'
3.0,21.0,0.0,6.0,11.0,11.0,9.0,35.0,25.22,23.68,14145.41,0.2,113.0,0.04,785.86,597.25,45.0,68.0,19.0,20.0,46.0,b'N'
5.0,13.0,0.0,2.0,7.0,5.0,1.0,49.0,67.78,15.47,16230.05,0.35,184.0,0.06,901.67,1048.88,84.0,100.0,38.0,14.0,58.0,b'N'
7.0,17.0,0.0,1.0,9.0,7.0,1.0,34.0,28.94,21.0,12762.57,0.2,112.0,0.05,709.03,607.74,44.0,68.0,22.0,21.0,44.0,b'N'
5.0,13.0,0.0,0.0,7.0,5.0,4.0,30.0,30.46,21.07,13517.25,0.21,119.0,0.05,750.96,641.69,51.0,68.0,23.0,19.0,37.0,b'N'
4.0,13.0,0.0,0.0,7.0,6.0,3.0,23.0,26.12,22.5,13224.78,0.2,112.0,0.04,734.71,587.77,50.0,62.0,20.0,18.0,29.0,b'N'
3.0,5.0,1.0,7.0,3.0,2.0,1.0,31.0,22.59,23.16,12115.05,0.17,102.0,0.04,673.06,523.19,39.0,63.0,16.0,19.0,44.0,b'Y'
7.0,3.0,0.0,1.0,2.0,2.0,1.0,34.0,49.46,15.69,12174.48,0.26,143.0,0.06,676.36,775.96,65.0,78.0,29.0,14.0,44.0,b'N'
3.0,13.0,0.0,10.0,7.0,7.0,1.0,28.0,24.21,25.78,16093.4,0.21,126.0,0.04,894.08,624.23,55.0,71.0,16.0,15.0,43.0,b'N'
5.0,9.0,0.0,1.0,5.0,4.0,3.0,27.0,39.29,17.29,11748.9,0.23,123.0,0.06,652.72,679.4,59.0,64.0,29.0,17.0,35.0,b'N'
10.0,1.0,0.0,3.0,1.0,1.0,1.0,40.0,178.2,8.14,11806.16,0.48,257.0,0.12,655.9,1450.47,100.0,157.0,43.0,7.0,55.0,b'N'
4.0,9.0,0.0,2.0,5.0,5.0,1.0,34.0,48.92,15.34,11511.96,0.25,143.0,0.07,639.55,750.45,59.0,84.0,25.0,13.0,44.0,b'N'
4.0,9.0,1.0,5.0,5.0,2.0,1.0,17.0,21.52,24.89,13337.48,0.18,100.0,0.04,740.97,535.76,43.0,57.0,19.0,22.0,29.0,b'Y'
4.0,19.0,0.0,0.0,10.0,4.0,3.0,28.0,34.49,18.9,12318.65,0.22,118.0,0.05,684.37,651.78,45.0,73.0,25.0,21.0,34.0,b'N'
5.0,9.0,0.0,2.0,5.0,5.0,1.0,33.0,48.76,16.56,13371.62,0.27,155.0,0.06,742.87,807.47,69.0,86.0,25.0,12.0,42.0,b'Y'
13.0,7.0,0.0,0.0,4.0,3.0,1.0,46.0,39.32,18.0,12740.7,0.24,133.0,0.06,707.82,707.82,54.0,79.0,24.0,16.0,61.0,b'N'
4.0,19.0,0.0,2.0,10.0,2.0,9.0,18.0,10.65,34.88,12950.3,0.12,79.0,0.03,719.46,371.33,31.0,48.0,8.0,18.0,26.0,b'N'
9.0,15.0,0.0,14.0,8.0,5.0,8.0,48.0,50.87,17.03,14758.72,0.29,156.0,0.06,819.93,866.52,66.0,90.0,31.0,16.0,74.0,b'N'
10.0,13.0,0.0,0.0,7.0,7.0,1.0,26.0,36.67,18.75,12893.4,0.23,132.0,0.05,716.3,687.65,55.0,77.0,22.0,15.0,38.0,b'N'
5.0,17.0,2.0,0.0,9.0,5.0,7.0,26.0,19.26,27.87,14952.52,0.18,103.0,0.04,830.7,536.57,38.0,65.0,15.0,22.0,37.0,b'N'
3.0,22.0,0.0,5.0,13.0,1.0,4.0,40.0,21.82,23.33,11877.81,0.17,97.0,0.04,659.88,509.05,42.0,55.0,18.0,20.0,50.0,b'N'
5.0,19.0,0.0,5.0,10.0,3.0,9.0,24.0,33.42,20.65,14254.47,0.23,128.0,0.05,791.92,690.22,50.0,78.0,23.0,19.0,37.0,b'N'
7.0,9.0,0.0,13.0,5.0,3.0,5.0,35.0,44.17,17.7,13839.54,0.26,140.0,0.06,768.86,781.89,59.0,81.0,30.0,18.0,57.0,b'N'
7.0,17.0,0.0,0.0,9.0,6.0,1.0,38.0,36.56,18.67,12738.85,0.23,131.0,0.05,707.71,682.44,49.0,82.0,21.0,16.0,47.0,b'N'
14.0,5.0,0.0,3.0,3.0,3.0,1.0,42.0,55.85,16.94,16026.87,0.32,183.0,0.06,890.38,946.1,77.0,106.0,25.0,11.0,61.0,b'Y'
8.0,15.0,5.0,4.0,8.0,7.0,1.0,34.0,39.15,18.06,12773.74,0.24,132.0,0.06,709.65,707.2,51.0,81.0,24.0,17.0,53.0,b'N'
1.0,11.0,3.0,0.0,6.0,3.0,1.0,21.0,13.2,30.0,11884.29,0.13,95.0,0.03,660.24,396.14,30.0,65.0,6.0,12.0,27.0,b'N'
3.0,13.0,1.0,0.0,7.0,2.0,4.0,24.0,17.88,28.5,14520.29,0.17,101.0,0.04,806.68,509.48,42.0,59.0,14.0,19.0,30.0,b'N'
4.0,7.0,0.0,0.0,4.0,4.0,1.0,34.0,38.2,17.54,11750.88,0.22,122.0,0.06,652.83,670.01,48.0,74.0,26.0,19.0,42.0,b'N'
5.0,9.0,0.0,9.0,5.0,5.0,4.0,47.0,36.52,17.82,11595.06,0.22,124.0,0.06,644.17,650.74,49.0,75.0,22.0,16.0,63.0,b'N'
3.0,9.0,0.0,0.0,5.0,2.0,3.0,25.0,50.57,15.68,12436.7,0.26,142.0,0.06,690.93,793.06,69.0,73.0,33.0,15.0,30.0,b'N'
11.0,5.0,1.0,6.0,3.0,1.0,1.0,29.0,39.24,17.88,12552.13,0.23,131.0,0.06,697.34,701.84,62.0,69.0,26.0,15.0,49.0,b'N'
3.0,15.0,0.0,2.0,8.0,8.0,4.0,41.0,56.56,15.72,13984.32,0.3,166.0,0.06,776.91,889.35,76.0,90.0,29.0,12.0,49.0,b'N'
9.0,5.0,0.0,1.0,3.0,3.0,1.0,34.0,70.84,13.09,12140.27,0.31,157.0,0.08,674.46,927.38,72.0,85.0,44.0,16.0,48.0,b'Y'
4.0,5.0,0.0,0.0,3.0,2.0,1.0,19.0,38.69,18.0,12536.67,0.23,130.0,0.06,696.48,696.48,46.0,84.0,23.0,18.0,25.0,b'N'
4.0,11.0,0.0,0.0,6.0,2.0,5.0,31.0,31.83,20.74,13685.29,0.22,132.0,0.05,760.29,660.0,47.0,85.0,17.0,15.0,39.0,b'N'
7.0,7.0,0.0,0.0,4.0,3.0,3.0,23.0,18.5,28.59,15119.13,0.18,110.0,0.03,839.95,528.81,37.0,73.0,11.0,17.0,33.0,b'N'
6.0,8.0,1.0,0.0,6.0,6.0,1.0,20.0,33.61,19.0,12134.0,0.21,120.0,0.05,674.11,638.63,42.0,78.0,21.0,19.0,29.0,b'N'
2.0,9.0,0.0,0.0,5.0,5.0,3.0,34.0,50.69,16.0,12975.52,0.27,146.0,0.06,720.86,810.97,62.0,84.0,31.0,16.0,38.0,b'Y'
2.0,19.0,0.0,1.0,10.0,1.0,10.0,16.0,20.73,25.45,13434.72,0.18,111.0,0.04,746.37,527.79,35.0,76.0,11.0,16.0,23.0,b'N'
7.0,21.0,2.0,0.0,11.0,9.0,9.0,46.0,43.65,18.26,14554.04,0.27,146.0,0.05,808.56,797.08,58.0,88.0,27.0,17.0,57.0,b'N'
17.0,1.0,0.0,1.0,1.0,1.0,1.0,27.0,58.51,15.0,13165.87,0.29,174.0,0.07,731.44,877.72,60.0,114.0,22.0,11.0,47.0,b'Y'
6.0,9.0,0.0,10.0,5.0,4.0,3.0,21.0,26.11,24.56,15744.05,0.21,125.0,0.04,874.67,641.16,52.0,73.0,18.0,17.0,39.0,b'N'
12.0,23.0,0.0,9.0,12.0,3.0,1.0,84.0,46.17,18.12,15155.04,0.28,174.0,0.06,841.95,836.48,56.0,118.0,17.0,11.0,107.0,b'N'
2.0,7.0,1.0,0.0,4.0,3.0,1.0,26.0,33.38,19.48,12660.78,0.22,123.0,0.05,703.38,650.1,41.0,82.0,20.0,19.0,31.0,b'N'
4.0,5.0,0.0,0.0,4.0,2.0,1.0,24.0,26.51,24.0,15269.0,0.21,137.0,0.04,848.28,636.21,32.0,105.0,10.0,15.0,30.0,b'N'
3.0,7.0,1.0,1.0,4.0,4.0,1.0,35.0,36.91,20.06,14844.27,0.25,134.0,0.05,824.68,740.16,57.0,77.0,27.0,19.0,42.0,b'N'
3.0,13.0,0.0,0.0,7.0,7.0,1.0,19.0,20.73,26.47,14527.94,0.18,107.0,0.04,807.11,548.83,50.0,57.0,17.0,18.0,24.0,b'N'
3.0,15.0,0.0,2.0,9.0,3.0,4.0,39.0,38.03,19.38,14283.51,0.25,135.0,0.05,793.53,737.02,51.0,84.0,25.0,19.0,47.0,b'N'
3.0,25.0,0.0,0.0,13.0,2.0,8.0,31.0,46.71,16.47,12668.01,0.26,137.0,0.06,703.78,769.22,62.0,75.0,32.0,17.0,34.0,b'N'
3.0,13.0,1.0,2.0,7.0,4.0,5.0,13.0,20.49,25.11,12918.33,0.17,102.0,0.04,717.69,514.53,37.0,65.0,14.0,19.0,21.0,b'N'
4.0,17.0,0.0,11.0,9.0,6.0,5.0,18.0,32.83,20.0,13131.61,0.22,127.0,0.05,729.53,656.58,56.0,71.0,21.0,15.0,35.0,b'N'
1.0,11.0,3.0,0.0,6.0,3.0,1.0,21.0,17.26,29.33,14847.96,0.17,109.0,0.03,824.89,506.18,33.0,76.0,9.0,16.0,27.0,b'N'
3.0,3.0,0.0,0.0,2.0,2.0,1.0,20.0,27.96,21.65,13103.56,0.2,120.0,0.05,727.98,605.33,46.0,74.0,17.0,16.0,25.0,b'Y'
11.0,9.0,0.0,10.0,5.0,3.0,1.0,34.0,41.06,18.63,14257.41,0.26,141.0,0.05,792.08,765.1,57.0,84.0,26.0,17.0,57.0,b'Y'
1.0,19.0,0.0,12.0,10.0,3.0,9.0,24.0,29.14,21.47,13437.64,0.21,122.0,0.05,746.54,625.77,51.0,71.0,19.0,16.0,37.0,b'Y'
7.0,11.0,2.0,0.0,7.0,4.0,1.0,38.0,41.08,17.04,11923.17,0.23,124.0,0.06,662.4,699.84,40.0,84.0,27.0,23.0,49.0,b'Y'
5.0,7.0,0.0,0.0,4.0,4.0,1.0,43.0,56.19,15.97,14330.78,0.3,159.0,0.06,796.15,897.37,62.0,97.0,33.0,17.0,50.0,b'N'
7.0,7.0,0.0,3.0,4.0,3.0,1.0,34.0,62.88,14.48,13191.19,0.3,170.0,0.07,732.84,910.78,79.0,91.0,30.0,11.0,46.0,b'N'
25.0,9.0,0.0,19.0,5.0,5.0,1.0,51.0,63.13,14.0,12372.78,0.29,160.0,0.07,687.38,883.77,64.0,96.0,32.0,14.0,97.0,b'Y'
6.0,23.0,0.0,2.0,12.0,4.0,8.0,35.0,21.55,25.94,14503.5,0.19,109.0,0.04,805.75,559.09,49.0,60.0,17.0,18.0,45.0,b'Y'
9.0,5.0,0.0,1.0,3.0,2.0,1.0,35.0,34.68,19.95,13803.3,0.23,136.0,0.05,766.85,691.89,57.0,79.0,20.0,14.0,48.0,b'N'
9.0,7.0,0.0,0.0,4.0,4.0,1.0,27.0,43.28,16.32,11528.34,0.24,131.0,0.06,640.46,706.39,48.0,83.0,25.0,17.0,44.0,b'N'
12.0,13.0,0.0,1.0,10.0,5.0,1.0,49.0,56.03,15.06,12703.19,0.28,148.0,0.07,705.73,843.67,62.0,86.0,35.0,17.0,64.0,b'N'
1.0,13.0,0.0,0.0,7.0,4.0,1.0,27.0,28.77,22.11,14057.46,0.21,125.0,0.05,780.97,635.93,56.0,69.0,19.0,15.0,30.0,b'N'
5.0,7.0,0.0,4.0,4.0,3.0,1.0,30.0,37.33,19.79,14618.93,0.25,133.0,0.05,812.16,738.76,49.0,84.0,26.0,21.0,41.0,b'Y'
2.0,21.0,1.0,4.0,11.0,4.0,1.0,28.0,39.14,19.0,14131.17,0.25,145.0,0.05,785.07,743.75,57.0,88.0,21.0,14.0,38.0,b'N'
3.0,5.0,0.0,0.0,3.0,1.0,1.0,27.0,32.68,21.2,14686.72,0.23,134.0,0.05,815.93,692.77,53.0,81.0,20.0,16.0,33.0,b'Y'
5.0,11.0,2.0,0.0,6.0,6.0,1.0,34.0,56.63,16.0,14498.49,0.3,165.0,0.06,805.47,906.16,58.0,107.0,29.0,16.0,45.0,b'Y'
3.0,11.0,0.0,0.0,6.0,5.0,6.0,19.0,27.68,20.45,11581.23,0.19,105.0,0.05,643.4,566.19,45.0,60.0,22.0,20.0,22.0,b'N'
4.0,11.0,0.0,1.0,6.0,6.0,1.0,18.0,31.94,19.58,12249.47,0.21,124.0,0.05,680.53,625.5,47.0,77.0,18.0,15.0,25.0,b'N'
4.0,17.0,0.0,0.0,9.0,5.0,8.0,40.0,51.2,17.38,15465.98,0.3,164.0,0.06,859.22,889.91,72.0,92.0,29.0,14.0,46.0,b'N'
9.0,5.0,0.0,0.0,3.0,3.0,1.0,32.0,49.73,17.74,15650.11,0.29,172.0,0.06,869.45,882.24,68.0,104.0,23.0,12.0,43.0,b'Y'
3.0,17.0,0.0,1.0,9.0,7.0,9.0,25.0,24.32,22.22,12011.92,0.18,103.0,0.05,667.33,540.54,40.0,63.0,18.0,20.0,33.0,b'Y'
12.0,3.0,0.0,1.0,2.0,2.0,1.0,33.0,83.93,12.86,13873.95,0.36,185.0,0.08,770.77,1079.08,72.0,113.0,42.0,15.0,49.0,b'N'
2.0,9.0,0.0,3.0,5.0,2.0,1.0,30.0,15.98,30.0,14383.35,0.16,102.0,0.03,799.07,479.44,44.0,58.0,11.0,15.0,35.0,b'N'
7.0,13.0,0.0,1.0,7.0,5.0,4.0,34.0,24.91,22.17,12240.48,0.18,106.0,0.05,680.03,552.2,42.0,64.0,18.0,19.0,44.0,b'Y'
2.0,7.0,1.0,1.0,4.0,4.0,1.0,36.0,32.5,21.07,14425.97,0.23,127.0,0.05,801.44,684.82,51.0,76.0,23.0,19.0,42.0,b'N'
9.0,9.0,0.0,0.0,5.0,5.0,1.0,42.0,44.39,17.71,13920.86,0.26,140.0,0.06,773.38,786.06,61.0,79.0,31.0,18.0,53.0,b'N'
4.0,7.0,0.0,1.0,4.0,3.0,3.0,35.0,33.07,20.9,14441.62,0.23,129.0,0.05,802.31,691.12,59.0,70.0,24.0,17.0,46.0,b'N'
6.0,9.0,1.0,2.0,5.0,1.0,1.0,26.0,38.84,18.57,13396.47,0.24,143.0,0.05,744.25,721.35,65.0,78.0,21.0,12.0,37.0,b'Y'
3.0,19.0,0.0,0.0,10.0,4.0,5.0,28.0,15.83,31.91,16121.43,0.17,104.0,0.03,895.64,505.23,39.0,65.0,11.0,18.0,33.0,b'N'
0.0,9.0,0.0,3.0,5.0,5.0,1.0,26.0,32.99,19.0,11909.84,0.21,117.0,0.05,661.66,626.83,44.0,73.0,22.0,19.0,31.0,b'N'
11.0,9.0,0.0,1.0,5.0,3.0,1.0,26.0,29.49,21.53,13673.67,0.21,127.0,0.05,759.65,635.0,38.0,89.0,15.0,17.0,40.0,b'N'
2.0,9.0,0.0,0.0,5.0,5.0,1.0,24.0,36.44,18.11,11950.27,0.22,124.0,0.06,663.9,659.92,49.0,75.0,23.0,17.0,28.0,b'N'
3.0,29.0,0.0,0.0,15.0,3.0,14.0,35.0,44.61,17.33,13402.28,0.26,137.0,0.06,744.57,773.21,52.0,85.0,30.0,20.0,40.0,b'N'
5.0,3.0,0.0,1.0,2.0,2.0,1.0,19.0,25.4,24.23,14910.2,0.21,128.0,0.04,828.34,615.34,42.0,86.0,13.0,15.0,27.0,b'N'
4.0,15.0,1.0,7.0,8.0,5.0,3.0,25.0,17.68,29.42,15303.84,0.17,106.0,0.03,850.21,520.13,45.0,61.0,13.0,17.0,39.0,b'Y'
3.0,19.0,0.0,0.0,10.0,6.0,5.0,24.0,24.9,24.5,14945.0,0.2,122.0,0.04,830.28,610.0,49.0,73.0,16.0,16.0,29.0,b'Y'
4.0,15.0,1.0,3.0,8.0,4.0,5.0,34.0,15.71,30.91,15007.69,0.16,101.0,0.03,833.76,485.54,40.0,61.0,11.0,17.0,44.0,b'N'
7.0,11.0,0.0,0.0,6.0,6.0,1.0,38.0,36.98,18.16,12193.85,0.22,132.0,0.06,677.44,671.55,46.0,86.0,19.0,15.0,47.0,b'N'
2.0,11.0,0.0,0.0,6.0,3.0,6.0,27.0,18.98,25.44,12281.46,0.16,92.0,0.04,682.3,482.81,37.0,55.0,16.0,22.0,31.0,b'N'
6.0,13.0,3.0,12.0,7.0,5.0,4.0,36.0,46.44,16.81,13123.81,0.26,143.0,0.06,729.1,780.7,65.0,78.0,29.0,15.0,62.0,b'N'
5.0,7.0,0.0,0.0,4.0,2.0,1.0,19.0,25.7,25.15,16251.05,0.22,125.0,0.04,902.84,646.24,45.0,80.0,17.0,19.0,26.0,b'N'
11.0,9.0,1.0,2.0,8.0,2.0,1.0,53.0,53.86,16.23,14208.41,0.29,155.0,0.06,789.36,874.8,53.0,102.0,31.0,19.0,69.0,b'N'
8.0,11.0,0.0,0.0,6.0,4.0,1.0,47.0,48.7,16.96,14002.94,0.28,161.0,0.06,777.94,825.81,65.0,96.0,23.0,12.0,58.0,b'N'
5.0,15.0,0.0,0.0,8.0,4.0,5.0,25.0,31.66,19.6,12163.36,0.21,113.0,0.05,675.74,620.58,49.0,64.0,25.0,20.0,32.0,b'N'
3.0,7.0,0.0,0.0,4.0,2.0,4.0,17.0,24.86,23.5,13728.74,0.19,113.0,0.04,762.71,584.2,47.0,66.0,18.0,18.0,20.0,b'N'
3.0,23.0,0.0,0.0,12.0,5.0,5.0,57.0,63.77,15.83,15986.79,0.34,178.0,0.06,888.15,1009.69,76.0,102.0,36.0,15.0,64.0,b'N'
7.0,11.0,0.0,9.0,6.0,5.0,4.0,42.0,61.34,13.76,11621.51,0.28,152.0,0.07,645.64,844.3,72.0,80.0,34.0,13.0,60.0,b'N'
1.0,7.0,0.0,0.0,4.0,2.0,1.0,18.0,29.26,21.2,13152.29,0.21,120.0,0.05,730.68,620.39,53.0,67.0,20.0,16.0,23.0,b'N'
2.0,7.0,0.0,0.0,4.0,4.0,3.0,20.0,21.35,25.07,13412.0,0.18,108.0,0.04,745.11,535.05,47.0,61.0,15.0,16.0,22.0,b'N'
5.0,9.0,0.0,4.0,5.0,5.0,1.0,29.0,35.59,20.0,14235.72,0.24,132.0,0.05,790.87,711.79,44.0,88.0,22.0,20.0,40.0,b'Y'
2.0,23.0,0.0,0.0,12.0,12.0,1.0,53.0,53.91,14.96,12065.36,0.27,156.0,0.07,670.3,806.51,68.0,88.0,25.0,11.0,59.0,b'N'
4.0,9.0,0.0,1.0,5.0,1.0,1.0,22.0,8.94,38.4,13184.52,0.11,84.0,0.03,732.47,343.35,32.0,52.0,5.0,12.0,30.0,b'N'
15.0,9.0,0.0,17.0,5.0,4.0,1.0,22.0,21.18,25.5,13770.0,0.18,108.0,0.04,765.0,540.0,45.0,63.0,15.0,17.0,62.0,b'N'
7.0,3.0,0.0,2.0,2.0,1.0,1.0,24.0,28.49,23.22,15363.84,0.22,127.0,0.04,853.55,661.6,44.0,83.0,18.0,19.0,36.0,b'N'
14.0,5.0,0.0,5.0,3.0,3.0,1.0,31.0,49.1,16.69,13680.63,0.27,154.0,0.06,760.04,819.58,62.0,92.0,26.0,14.0,52.0,b'N'
6.0,11.0,0.0,5.0,6.0,2.0,4.0,33.0,22.95,26.6,16239.18,0.2,120.0,0.04,902.18,610.5,42.0,78.0,15.0,19.0,47.0,b'N'
9.0,7.0,2.0,10.0,4.0,2.0,3.0,26.0,30.72,20.48,12879.44,0.21,119.0,0.05,715.52,628.96,53.0,66.0,22.0,17.0,51.0,b'N'
6.0,15.0,0.0,1.0,8.0,4.0,1.0,34.0,18.36,27.44,13829.69,0.17,113.0,0.04,768.32,503.92,38.0,75.0,9.0,13.0,43.0,b'Y'
5.0,1.0,0.0,0.0,1.0,1.0,1.0,22.0,20.58,26.25,14181.33,0.18,125.0,0.04,787.85,540.24,35.0,90.0,8.0,12.0,29.0,b'N'
2.0,11.0,0.0,1.0,6.0,5.0,5.0,31.0,53.79,15.94,13658.79,0.29,157.0,0.06,758.82,857.13,76.0,81.0,31.0,13.0,36.0,b'Y'
4.0,9.0,0.0,4.0,5.0,5.0,1.0,49.0,62.7,14.67,13500.0,0.31,184.0,0.07,750.0,920.0,75.0,109.0,23.0,9.0,59.0,b'N'
3.0,21.0,0.0,0.0,11.0,3.0,9.0,22.0,32.4,20.43,13523.8,0.22,122.0,0.05,751.32,662.0,39.0,83.0,21.0,22.0,27.0,b'N'
2.0,13.0,0.0,11.0,7.0,4.0,1.0,28.0,22.53,24.28,13279.76,0.18,105.0,0.04,737.76,546.99,46.0,59.0,18.0,19.0,41.0,b'N'
9.0,15.0,0.0,0.0,8.0,5.0,7.0,37.0,38.11,20.46,15956.79,0.26,142.0,0.05,886.49,779.84,56.0,86.0,26.0,19.0,48.0,b'Y'
4.0,13.0,0.0,0.0,7.0,4.0,4.0,35.0,65.26,15.62,15920.32,0.34,174.0,0.06,884.46,1019.29,82.0,92.0,42.0,16.0,41.0,b'Y'
0.0,1.0,0.0,0.0,1.0,1.0,1.0,11.0,49.79,18.0,16132.76,0.3,193.0,0.06,896.26,896.26,54.0,139.0,15.0,10.0,13.0,b'N'
2.0,15.0,0.0,0.0,8.0,2.0,8.0,18.0,13.3,33.0,14482.46,0.15,87.0,0.03,804.58,438.86,33.0,54.0,11.0,22.0,23.0,b'Y'
7.0,14.0,0.0,0.0,8.0,5.0,1.0,32.0,24.6,22.91,12911.28,0.19,109.0,0.04,717.29,563.52,41.0,68.0,17.0,19.0,41.0,b'N'
7.0,7.0,0.0,7.0,4.0,3.0,1.0,33.0,26.94,22.84,14058.41,0.21,122.0,0.04,781.02,615.42,43.0,79.0,16.0,17.0,49.0,b'N'
7.0,15.0,0.0,5.0,8.0,7.0,4.0,46.0,41.47,19.33,15501.67,0.27,146.0,0.05,861.2,801.81,58.0,88.0,27.0,18.0,60.0,b'Y'
11.0,11.0,0.0,1.0,6.0,3.0,1.0,21.0,37.64,19.19,13863.58,0.24,142.0,0.05,770.2,722.42,62.0,80.0,21.0,13.0,36.0,b'N'
1.0,21.0,0.0,7.0,11.0,1.0,11.0,21.0,9.39,36.4,12446.39,0.11,82.0,0.03,691.47,341.93,28.0,54.0,5.0,13.0,31.0,b'N'
5.0,15.0,5.0,5.0,8.0,5.0,3.0,29.0,29.0,19.95,11543.38,0.19,108.0,0.05,641.3,578.62,38.0,70.0,20.0,21.0,46.0,b'Y'
8.0,11.0,0.0,10.0,6.0,3.0,5.0,37.0,44.48,18.67,15497.41,0.28,153.0,0.05,860.97,830.22,63.0,90.0,27.0,16.0,61.0,b'N'
5.0,7.0,0.0,0.0,4.0,3.0,1.0,30.0,24.04,23.04,12757.41,0.18,114.0,0.04,708.74,553.81,43.0,71.0,14.0,15.0,37.0,b'N'
8.0,13.0,0.0,0.0,7.0,6.0,5.0,43.0,37.62,18.57,12979.7,0.23,128.0,0.05,721.09,698.81,59.0,69.0,27.0,17.0,53.0,b'N'
4.0,5.0,8.0,2.0,3.0,3.0,1.0,33.0,30.65,20.86,13343.0,0.21,121.0,0.05,741.28,639.53,54.0,67.0,22.0,17.0,49.0,b'Y'
8.0,19.0,2.0,7.0,10.0,7.0,7.0,33.0,35.12,20.63,14938.64,0.24,129.0,0.05,829.92,724.3,55.0,74.0,28.0,21.0,53.0,b'N'
9.0,5.0,0.0,5.0,3.0,3.0,1.0,28.0,38.33,20.13,15525.34,0.26,147.0,0.05,862.52,771.45,69.0,78.0,24.0,14.0,44.0,b'N'
9.0,7.0,0.0,0.0,4.0,4.0,1.0,30.0,50.0,17.14,14693.67,0.29,157.0,0.06,816.32,857.13,60.0,97.0,28.0,16.0,41.0,b'N'
1.0,3.0,2.0,0.0,2.0,2.0,1.0,18.0,20.69,24.92,12843.75,0.17,111.0,0.04,713.54,515.47,46.0,65.0,12.0,13.0,23.0,b'N'
3.0,15.0,0.0,1.0,8.0,1.0,1.0,23.0,7.91,39.0,12034.4,0.1,74.0,0.03,668.58,308.57,30.0,44.0,5.0,13.0,29.0,b'N'
6.0,11.0,0.0,5.0,6.0,6.0,1.0,34.0,52.23,16.39,14034.78,0.29,155.0,0.06,779.71,856.15,51.0,104.0,28.0,18.0,49.0,b'N'
13.0,13.0,0.0,8.0,7.0,7.0,7.0,44.0,94.47,13.02,16014.6,0.41,205.0,0.08,889.7,1230.0,93.0,112.0,50.0,14.0,67.0,b'N'
5.0,3.0,0.0,0.0,2.0,2.0,1.0,34.0,75.08,12.58,11873.65,0.31,174.0,0.08,659.65,944.17,83.0,91.0,33.0,10.0,41.0,b'Y'
4.0,7.0,0.0,3.0,4.0,4.0,1.0,19.0,25.41,24.81,15636.03,0.21,121.0,0.04,868.67,630.34,47.0,74.0,18.0,19.0,28.0,b'N'
6.0,5.0,0.0,0.0,3.0,3.0,1.0,71.0,67.75,14.46,14173.92,0.33,168.0,0.07,787.44,979.93,81.0,87.0,42.0,15.0,79.0,b'Y'
6.0,7.0,0.0,3.0,4.0,4.0,1.0,31.0,57.87,15.44,13798.14,0.3,160.0,0.06,766.56,893.59,75.0,85.0,34.0,14.0,42.0,b'Y'
4.0,13.0,0.0,0.0,7.0,6.0,3.0,27.0,41.43,17.81,13145.13,0.25,136.0,0.06,730.28,737.97,45.0,91.0,24.0,19.0,33.0,b'N'
5.0,5.0,8.0,2.0,3.0,3.0,1.0,33.0,29.24,20.64,12458.21,0.2,115.0,0.05,692.12,603.51,51.0,64.0,21.0,17.0,50.0,b'Y'
7.0,7.0,0.0,0.0,5.0,2.0,1.0,37.0,43.09,17.05,12520.45,0.24,141.0,0.06,695.58,734.53,50.0,91.0,22.0,15.0,46.0,b'N'
8.0,5.0,1.0,2.0,3.0,3.0,1.0,24.0,25.59,24.11,14873.23,0.21,127.0,0.04,826.29,616.96,45.0,82.0,14.0,15.0,37.0,b'N'
2.0,14.0,1.0,0.0,12.0,11.0,1.0,44.0,40.54,16.9,11574.05,0.23,122.0,0.06,643.0,684.99,49.0,73.0,29.0,20.0,47.0,b'N'
3.0,7.0,0.0,0.0,4.0,4.0,1.0,28.0,49.68,15.71,12267.49,0.26,151.0,0.06,681.53,780.66,44.0,107.0,21.0,15.0,34.0,b'Y'
8.0,11.0,0.0,5.0,6.0,6.0,1.0,47.0,77.33,12.63,12344.19,0.33,169.0,0.08,685.79,977.05,74.0,95.0,41.0,14.0,63.0,b'Y'
5.0,7.0,0.0,0.0,4.0,4.0,3.0,26.0,30.98,20.09,12501.62,0.21,114.0,0.05,694.53,622.38,44.0,70.0,23.0,21.0,33.0,b'Y'
10.0,29.0,0.0,19.0,15.0,13.0,5.0,71.0,80.51,12.73,13052.74,0.34,175.0,0.08,725.15,1025.15,73.0,102.0,43.0,15.0,102.0,b'Y'
2.0,21.0,0.0,9.0,11.0,1.0,11.0,28.0,21.6,27.08,15847.16,0.2,126.0,0.04,880.4,585.13,50.0,76.0,12.0,13.0,39.0,b'N'
3.0,9.0,0.0,2.0,5.0,4.0,1.0,31.0,25.52,22.39,12800.51,0.19,106.0,0.04,711.14,571.59,37.0,69.0,19.0,23.0,39.0,b'N'
6.0,7.0,2.0,1.0,4.0,3.0,1.0,23.0,54.93,16.69,15306.5,0.31,166.0,0.06,850.36,916.91,69.0,97.0,31.0,15.0,34.0,b'N'
4.0,9.0,2.0,2.0,5.0,3.0,1.0,31.0,38.98,17.5,11939.04,0.23,130.0,0.06,663.28,682.23,60.0,70.0,24.0,14.0,41.0,b'N'
3.0,15.0,1.0,1.0,8.0,7.0,3.0,40.0,59.15,15.59,14378.96,0.31,161.0,0.06,798.83,922.2,79.0,82.0,38.0,15.0,47.0,b'Y'
1.0,17.0,1.0,0.0,9.0,4.0,5.0,24.0,12.37,32.5,13063.03,0.13,93.0,0.03,725.72,401.94,35.0,58.0,7.0,13.0,30.0,b'N'
6.0,13.0,1.0,3.0,7.0,2.0,5.0,35.0,29.18,20.5,12264.41,0.2,114.0,0.05,681.36,598.26,41.0,73.0,19.0,19.0,49.0,b'N'
2.0,7.0,0.0,0.0,6.0,5.0,1.0,39.0,33.13,20.42,13810.22,0.23,117.0,0.05,767.23,676.42,49.0,68.0,30.0,25.0,41.0,b'N'
1.0,37.0,0.0,0.0,19.0,19.0,19.0,21.0,38.97,19.74,15179.93,0.26,160.0,0.05,843.33,769.18,61.0,99.0,17.0,11.0,24.0,b'N'
13.0,13.0,0.0,0.0,12.0,1.0,1.0,42.0,30.57,21.48,14101.51,0.22,121.0,0.05,783.42,656.58,45.0,76.0,22.0,21.0,57.0,b'N'
4.0,11.0,0.0,0.0,6.0,6.0,1.0,21.0,33.67,19.34,12595.49,0.22,128.0,0.05,699.75,651.2,49.0,79.0,19.0,15.0,27.0,b'N'
6.0,19.0,1.0,7.0,11.0,3.0,3.0,29.0,24.27,23.33,13211.18,0.19,105.0,0.04,733.95,566.19,35.0,70.0,18.0,24.0,45.0,b'Y'
